district,screen_name,text,created_at
danville_va,AunistyN,im so sick of this shit. https://t.co/Wy7ovKKjMm,2019-09-08T03:14:00Z
danville_va,bobbyallenroach,Woahhhhhhh @keaneofficial is about to kill me in the best way via that new musicccccc. #LoveTooMuch #NothingCanTakeThatAwayFromMe,2019-09-16T04:19:00Z
danville_va,Bron_Gottii,It‚Äôs a active shooter in Danville ü§î,2019-08-27T15:21:00Z
danville_va,CashWRLD,Count your days https://t.co/4zrvwDSlcu,2019-09-10T21:37:00Z
danville_va,chelsey_maria02,"‚Äúit does not matter it was in the past‚Äù ‚Äúi did not kill her intentionally‚Äù ‚Äúkeep raping det lil hoe‚Äù what... you disgust me in every way possible nd i hope you get double of what they baby got. she was defenseless, innocent, and did not deserve that! p.o.s https://t.co/J2Pi35mBGr",2019-09-10T02:56:00Z
danville_va,ChuckVipperman,"@SarahLynn2390 @BetoORourke It's not murder if I am defending myself. Your move, toots.",2019-08-31T23:26:00Z
danville_va,ChuckVipperman,@joepdore @BetoORourke It's not murder if I am defending my property.,2019-09-13T02:13:00Z
danville_va,DaREALBRATt_,I HATE A FRIENDLY NIGGA ü§®,2019-09-09T04:37:00Z
danville_va,DaREALBRATt_,mfs shooting again üò≠ reason why I stayed my ass in the crib tonight.,2019-09-22T04:48:00Z
danville_va,donato_pacifico,@TheOnion If the Dems would just work with us I think we could bomb the Isaacasons.,2019-09-17T11:43:00Z
danville_va,gizelariverad,wow i wanna kill them. wtf https://t.co/yE19uuGNUr,2019-09-24T14:46:00Z
danville_va,hectorgarcia922,Sick of everything and everyone,2019-08-30T20:27:00Z
danville_va,hey_ebie,"I'm pretty sure one can overdose on vitamin c, but it's a risk I'm willing to take. The back-to-school cold is the absolute worst. And let's face it, kids and proper disinfectant habits is a lost art, ESPECIALLY with their phones... https://t.co/rhcp7rdhyq",2019-09-05T03:01:00Z
danville_va,HonxhoD,@zayzway @rapgirlsroom Well if we being honest she murdered nicki on hot girl ü§∑üèΩ‚Äç‚ôÇÔ∏è,2019-09-01T15:42:00Z
danville_va,HonxhoD,@tequila_titi Lmfaoo ion get cheated on cause ion give niggas the time of day honey let me kno wen you got niggas saying they gon kill they self if youn take them back my pussy been up https://t.co/kTvDhOd6YX,2019-09-25T17:22:00Z
danville_va,iahn_walkerB,Watch out! Andy might commit suicide by shooting himself in the back of his head! https://t.co/Edx3JXP1x3,2019-09-21T12:54:00Z
danville_va,ihoop__24,üò≠ i used to be stephen when it came to shooting these üíØ https://t.co/H7rKOuZ9SB,2019-09-19T01:02:00Z
danville_va,JMAL4LIFE,"These are facts‚Äº‚Äº‚Äº everytime @Sharkcity_Ave touch the stage, he either 30 a nigga or it's a classic. It's time to take you out the best puncher talk and put you in the best at this shit conversation‚Äº https://t.co/wWb6YWAvZk",2019-09-18T19:38:00Z
danville_va,JuniorMontanaa,@shmurda434 Yeah shooting ass tho,2019-09-07T18:03:00Z
danville_va,kennedysara__,I‚Äôm watching the OJ series and I can‚Äôt believe he really got away with murder lol,2019-09-17T16:01:00Z
danville_va,kmoezz,‚ÄúPlease Mr Synder.. we hate you‚Äù https://t.co/3j87a3iedp,2019-09-24T20:25:00Z
danville_va,lainemobleyy,@KurtisMiller98 otw to catch my first murder charge,2019-09-23T23:59:00Z
danville_va,LBL_Ceedy,I used to be so hurt like fuck this schoolüòÇüòÇüòÇ https://t.co/Dzau1naDAu,2019-09-07T12:04:00Z
danville_va,lillianbescher,i have been at the beach all week and next week is going to kill me,2019-09-19T13:51:00Z
danville_va,LPDJNICK,Fuck THE POLICE,2019-08-31T04:35:00Z
danville_va,nayaalece,So this man followed me home today &amp; called the police on me ü§¶üèæ‚Äç‚ôÄÔ∏è,2019-09-25T00:34:00Z
danville_va,PapiDpump_,Check out my murder man dance https://t.co/wEgk2Vsrsx,2019-09-07T14:49:00Z
danville_va,pathagas,@rylrat Are Nakota and Truesdal dead??? Are they gonna kill the others too!?!?,2019-09-05T16:26:00Z
danville_va,PatrickHenryCC,"**THIS IS A DRILL** If you are on campus, please lock down until we give the all clear.",2019-09-10T14:19:00Z
danville_va,PtxTelless,Didn‚Äôt really realize when u mad u can come up with thousands of way to murder...,2019-08-27T16:36:00Z
danville_va,qinyogirlsmouth,they was shooting bird shots shut up. https://t.co/2tztf9ge8C,2019-09-07T15:22:00Z
danville_va,studtapmoney,My job is currently on lockdown because of the shooting on Keeling Drive. I hope they find him before he take more lives üòî,2019-08-27T15:41:00Z
danville_va,ttime72,@FuckTaj U gonna walk in the arena and ima be looking like this. That‚Äôs how u know u gonna instantly lose. I‚Äôll be like hold on babe I gotta burn this fool https://t.co/tSvGCQD7HL,2019-08-30T21:37:00Z
danville_va,ttime72,"If I ever murder anyone it‚Äôll be because of traffic related incident. Not even an actual accident. Example be if u cut me off and then we escalate and get out of our cars, and proceed run you over or pull with a rope tired to my card and by ur neck or some shit. Crazy inner rage",2019-09-13T16:24:00Z
danville_va,yalss71,@jasontoddsmut And everyone in that situation just filming him getting stabbed really fucked me up in the head. Like NO ONE REALLY DIDNT DO SHIT,2019-09-20T03:40:00Z
danville_va,zmelot18,@PastorMarkFnd @AB84 PRIESTS RAPE KIDS so A pastor is not helping his caseüòÇüòÇüò≠üò≠üò≠ ‚ÄúMan Of God‚Äù ü§£ü§£,2019-09-11T23:06:00Z
fairfield_oh,alliepaige8,Had a customer come in bleeding through the back of his shirt because he was shot earlier today?? Like??,2019-09-14T02:48:00Z
fairfield_oh,briannnanicole4,Havent even been up for an hour &amp; im already about to kill someone,2019-09-26T12:56:00Z
fairfield_oh,bthaf,"i went to open house for the school i‚Äôm student teaching at this year, was TERRIFIED the parents would judge me for my tattoos but 90% of them had tattoos or sleeves https://t.co/HLYBtynuC4",2019-09-06T12:37:00Z
fairfield_oh,Coach_Reho,Workouts are Tuesday and Wednesday after school. Friday morning is shooting. üèÄ,2019-09-29T20:09:00Z
fairfield_oh,EdCarroll51,Willing to pay upwards to several chickens (some dead some alive) for this dog. https://t.co/6EobxbHU70,2019-09-26T15:18:00Z
fairfield_oh,HawkeyeBrooke,"Someone call the police. I was all in thinking it was a fruit pizza, but there is CHEESE on this. ü§¢ https://t.co/IZsYr6pQs9",2019-09-22T20:25:00Z
fairfield_oh,HawkeyeBrooke,@SykesCharlie I‚Äôm going to assume he‚Äôs a criminal there to intimidate people and call the police.,2019-09-24T14:34:00Z
fairfield_oh,Hellscr333m,@sliderwave He starts off on the right foot by mentioning the facts of the aurora shooting but when he derails on to John Wick.... I think he's making the wrong fucking point and picking the wrong fight and it all sounds like whining.,2019-09-27T12:16:00Z
fairfield_oh,hirisk76,@LeBatardShow I'd be in jail/sued for sexual assault or beat up constantly,2019-09-13T16:33:00Z
fairfield_oh,KartzFM,@Twist3d_Drift3r @RSR_Andrew14 What if the person trying to kill you has an ar15,2019-09-19T14:07:00Z
fairfield_oh,MarkVSlaughter,"Aaaaaaaaand so much for that, I guess the Reds are going to shoot and share it, imagine that",2019-09-24T23:24:00Z
fairfield_oh,mmbrandenburg,i could kill this bitch tbh. https://t.co/t1o0FwVn1J,2019-09-06T01:46:00Z
flagler_fl,AliyahRenee_,Wow I forgot to put on deodorant (this is becoming very commonü§∑üèæ‚Äç‚ôÄÔ∏èü§£) and out of curiosity I smelled my pits to see if I‚Äôve been killing ppl all day and there was NO smell. Like at all. I‚Äôm blaming this on completely cutting meat out of my diet. I never use to be like this.,2018-06-02T23:24:00Z
flagler_fl,antiquetrucker,"Once again, the topic of responsible gun ownership raises it's head. How does a middle school student get hold of two handguns?.... Gun control starts at home!!!",2018-05-26T05:11:00Z
flagler_fl,bosstime2009,@Kerry2021 @mitchellvii I didn't know he was raped!,2018-06-11T02:52:00Z
flagler_fl,drewbelleville,"@KeithSmithNBA All NBA players look good in a gym running, jumping & shooting. Even better going up against cones.",2018-06-02T15:50:00Z
flagler_fl,Franceborn,"@mattdkerr @srivlin @PCunningham57 @eliza1842 Then identify them,and Vote themOUT..Only Vote for proponents of strict Gun Control to stop the killing fields that have become our schools!Notice that should not be Sec.of Edu.>an opponent of Public Schools,pro- NRA Betsy Devros,is MIA speaking against those shootings tragedy",2018-05-20T17:46:00Z
flagler_fl,kitfreedom,@RaheemKassam @JohnBWellsCTM @SadiqKhan Pull a knife meet a bullet!,2018-06-02T03:42:00Z
flagler_fl,LeoTheLion_11,"It‚Äôs crazy how an alarm goes off in my highschool and the first thing everyone thinks of is a school shooter, crazy how modern society is right? Crazy.",2018-05-21T23:04:00Z
flagler_fl,Lucy18879177,@ronnikun UR GONNA KILL ME WITH THESE HORRID PUNS!! HOLY SHIIIIIIIIT!!,2018-05-12T14:14:00Z
flagler_fl,PatrioticChic,"@illpoetic @NYDailyNews If you only heard those types of comments about school shooter Cruz-you need to find better sources for info. Or maybe it‚Äôs your own bias, clouding your views. In this case as well as school shootings- the perpetrator(s) are Evil, Lawless Criminals",2018-05-22T17:17:00Z
flagler_fl,ShaunECarter,Another school shooting. Praying for Indiana. üò°üò°üò°,2018-05-25T14:33:00Z
flagler_fl,SheriffRicStaly,Lethal doses of heroin are circulating in Flagler County. Don't become a victim of an overdose. Turn in the heroin to the Sheriff's Office no questions asked. Send tips to TIPS@flaglersheriff.com or call Crime Stoppers. https://t.co/aV9TO4KP0m,2018-05-10T00:16:00Z
flagler_fl,SOSA_CB_,@Jamario44 @kris_nation @champagnedel @rahooIigan @Jforest__ Nahhh if I pass the ball to you with 2-4 seconds left and you have to chuck the shot up if it goes in it‚Äôs good for me because I get the assist but I set you up for failure to boost my stat https://t.co/WMgf068Usc,2018-06-03T05:05:00Z
flagler_fl,vja3000,"1st, let's give recognition to @TheDemocrats for their help in raising the kind of young person that will do such things as shoot inside a school without any moral concerns. 2nd, let's strip @TheDemocrats of being able to do this going forward. Problem solved...",2018-05-18T21:12:00Z
flagler_fl,vja3000,"@ABC If these 4 people were killed in a school with a gun, the media as a whole would be all over it, as would world news. If it isn't obvious enough, it doesn't matter to media that you died, it only truly matters how you died & where you died...",2018-05-27T13:08:00Z
hobbs_nm,_AnnaMarie_11,I literally thought I was going to die yesterday from how awful I felt,2017-12-15T18:19:00Z
hobbs_nm,_gracielee_,Why does Hobbs gotta act and say they are gonna shoot up the school.? I‚Äôm not in class now getting the good grades‚Ä¶ https://t.co/d2EDnorFzG,2017-12-12T20:18:00Z
hobbs_nm,_jennifuurrr,Yes I'm done pissed off,2017-12-26T07:19:00Z
hobbs_nm,1.18E+20,"Student in Hobbs High School shooting hoax may face charges - KCBD-TV http://contrahoax.blogspot.com/2017/12/student-in-hobbs-high-school- shooting_19.htmlHOBBS, N.M. (AP) - A Hobbs High School student may face charges after authorities say he used a school computer to spread a hoax about a pending school shooting.The Hobbs News-Sun reports the student, whose name hasn't been released, recently was disciplined for creating the hoax days after a gunman killed two students at Aztec High School.Officials say disciplinary measures were also taken against two other Hobbs students who used their cell phones to photograph the computer screen hoax and then circulated it on their Snapchat social media accounts.Rumors of the Hobbs High School shooting sparked around 200 parents to pick up their students early last week.Hobbs High School Principal Zeke Kaney says officials take all threats seriously.Information from: Hobbs News-Sun, Copyright 2017 The Associated Press. All rights reserved. This material may not be published, broadcast, rewritten or redistributed.GO TO PAGE 2",2017-12-24T17:22:00Z
hobbs_nm,ABQJournal,Student in Hobbs High School shooting hoax may face charges https://t.co/RxkrPiyRaG https://t.co/IK5YCXgbBI,2017-12-19T16:22:00Z
hobbs_nm,ABQJournal,Student in Hobbs High School shooting hoax may face charges https://t.co/x2LaW1SkRq https://t.co/3Do0CDfgwf,2017-12-19T16:51:00Z
hobbs_nm,ABQJournal,Student in Hobbs High School shooting hoax may face charges https://t.co/YIAN4Hl8YT https://t.co/JZS9aAstc6,2017-12-19T19:47:00Z
hobbs_nm,aidencruz62,@CoryxKenshin Let him have it bud,2018-01-12T18:00:00Z
hobbs_nm,AlbuquerqueNMRR,"Student In Hobbs High School Shooting Hoax May Face Charges, Pam Grier To Appear At NM Film Fest‚Ä¶ https://t.co/ODmOvoxDQp",2017-12-19T17:34:00Z
hobbs_nm,beast94,Hope l don't feel like l have to murder a nigga witness it but never act like u heard of a nigga Grrrr..,2018-03-16T20:39:00Z
hobbs_nm,beast94,Murder is a tough thing to progress its a slow process and l ain't got nothing but time!,2018-04-06T04:16:00Z
hobbs_nm,beast94,Murder is a tough thing to digest its a slow process and l aint got nothing but time,2018-04-26T21:35:00Z
hobbs_nm,beast94,Yo a lot of ppl is about to be hot at me but Steph Curry is not the best shooter ever!,2018-05-19T02:23:00Z
hobbs_nm,beast94,‚ÄúMurder is a tough thing to digest it‚Äôs a slow process..and l ain‚Äôt got nothing but time‚Äù,2018-05-19T16:21:00Z
hobbs_nm,beast94,@OnlyHipHopFacts ‚ÄúMurder is a tough thing to digest it‚Äôs a slow process..... and l ain‚Äôt got nothing but time‚Äù,2018-05-29T04:40:00Z
hobbs_nm,BIGDADDY197569,Please support my GoFundMe campaign: https://t.co/K4uR1ksjEw @gofundme please help me in my grandma https://t.co/L1XcWBhZRV,2017-12-19T17:17:00Z
hobbs_nm,BoiBrose,Cooler than a new freezer gotta new heater Lil bitch I‚Äôm the school shooter you the school teacher,2018-05-23T07:23:00Z
hobbs_nm,bor3gon46,Females fall for everything except for me,2018-01-17T05:29:00Z
hobbs_nm,BroadmoorSchool,Hey students! Want to kick-off Spring Recess with a bang? Come and join us at our STEM Fair and give the Marshmallow Shooter Challenege a try. https://t.co/Vj7cpvE8ck,2018-03-22T19:25:00Z
hobbs_nm,BuzzzTeller,Student in Hobbs High School shooting hoax may face charges CLICK BELOW FOR FULL STORY... https://t.co/MlZ66VIGhn,2017-12-19T08:23:00Z
hobbs_nm,Calm_RoseIII,@wavyjok @Your_Apocolypse Jaiden I swear on my life I‚Äôll spank you if leak anything else,2018-04-17T17:33:00Z
hobbs_nm,carlyrenee15,@_alyssaelenaaa I don‚Äôt remember anything üò© I was so mad at you I just wanted to kill you lmao,2018-05-20T03:24:00Z
hobbs_nm,carlyrenee15,"@Jets_OE Lmaooo I‚Äôm out of shape J, you‚Äôre gonna kill me",2018-05-22T17:39:00Z
hobbs_nm,carlyrenee15,Someone either take me out on a date or with a sniper. I‚Äôm here for them both,2018-05-22T23:56:00Z
hobbs_nm,catalinaarios,Y‚Äôall ever bend so stress you have a mental breakdown at school lmao fuck,2018-04-06T15:36:00Z
hobbs_nm,chaoscomic,"@SketchieGames @LouisUtcfp @OliverMcGee @RyanAFournier Jan. 10 Coronado Elementary, Sierra Vista, Ariz. Student committed suicide in bathroom. No other injuries. A very tragic event but again not a school shooting",2018-03-28T14:51:00Z
hobbs_nm,Chelss_Gauthier,"3 finals today, and I'm done.",2017-12-13T12:51:00Z
hobbs_nm,Chelss_Gauthier,"Wait, girls log in to their boyfriends social media accounts and write posts about themselves?? I'm done.",2017-12-23T15:12:00Z
hobbs_nm,Chelss_Gauthier,"I seriously stop have to stop cussing... McKenzie is talking now, I'll lose it of she drops an F bomb...",2018-01-27T17:47:00Z
hobbs_nm,ChiefRunWifBeer,3 seconds in my house and I'm taking shots already.,2018-04-07T02:27:00Z
hobbs_nm,chimerakim,Student in Hobbs High School shooting hoax may face charges https://t.co/5HqEbuE9P4 #abq via @abqjournal,2017-12-19T17:08:00Z
hobbs_nm,ChipChilders33,When I was in 4th grade I told my teacher if she didn‚Äôt let me go to playday that I‚Äôd kill her. So I got sent to the office and got spanked,2018-01-12T21:00:00Z
hobbs_nm,ChipChilders33,Lordy if people hate America so much then do us all a favor and leave or stop bitchin ü§¶üèº‚Äç‚ôÄÔ∏èü§¶üèº‚Äç‚ôÄÔ∏èü§¶üèº‚Äç‚ôÄÔ∏è,2018-01-13T16:34:00Z
hobbs_nm,ChipChilders33,@ThatGuyCaleb_ Lmao that was like one stupid group?? Y‚Äôall been vandalizing looting and terrorizing people since he‚Ä¶ https://t.co/jpXaz3FyO3,2018-01-13T19:32:00Z
hobbs_nm,coltonowen13,I fr need to start focusing on me and quit investing my time in other people,2018-01-22T06:13:00Z
hobbs_nm,Cpt_Martinez,You have gotta be the dumbest Bitch I knowü§¶üèª‚Äç‚ôÇÔ∏è and I hardly ever call a girl bitch but you are one so ya.,2017-12-08T17:27:00Z
hobbs_nm,Cpt_Martinez,I just wanna take you out an show you off,2017-12-12T00:55:00Z
hobbs_nm,Cpt_Martinez,@ThatGuyCaleb_ Lmao he should‚Äôve just chopped his feet and raped up,2018-01-15T01:12:00Z
hobbs_nm,Cpt_Martinez,I hope no punk ass kid ever hits my sister cause then I‚Äôma feel really bad for my sister she gunna have a brother in jail for murder,2018-05-12T16:34:00Z
hobbs_nm,cyberputa,Also bring a gun with you and shoot me,2018-03-26T00:36:00Z
hobbs_nm,cynthia8083,So I‚Äôm about to get my first tattoo and I‚Äôm TERRIFIED,2018-04-14T02:36:00Z
hobbs_nm,daaiirm,ima send my baby bomb selfies to wake up to brb,2017-12-21T16:30:00Z
hobbs_nm,DaddyRodge_,"Man, I remember throwing some of the wildest parties in HS. Two of them I blacked out and the other two got busted by the cops. All four times my mom came home within the next couple days and laid down the law..",2018-04-21T16:21:00Z
hobbs_nm,Dansoffthewall,"At the end of the day tho, all I ever did was be there for her when absolutely no one else wanted to be. And I still get pushed to the side like I‚Äôm nothing. Karma remembers shit like that.",2018-06-10T16:00:00Z
hobbs_nm,david_siordia,@actualllyac Shots fired,2018-06-13T02:09:00Z
hobbs_nm,dayygo100,"Sniper gang rah, rah!",2018-04-26T00:35:00Z
hobbs_nm,dessgar_,these last few days at school are gonna kill me before i get out üò©,2018-05-21T20:42:00Z
hobbs_nm,dessgar_,me the whole hisi wknd getting some bomb angles for vids and cheering at the top of my lungs.. idk if this is cute or embarrassing https://t.co/6NM6Xc31c7,2018-05-30T05:56:00Z
hobbs_nm,Destiiny03,@samuel_lozano3 Shooting,2018-01-28T03:13:00Z
hobbs_nm,Destiiny03,This chicken Alfredo I‚Äôm making is gunna be bomb asf,2018-05-04T00:47:00Z
hobbs_nm,dianethhh,the chocolate cakes at rosas are soooo bomb,2017-12-17T05:50:00Z
hobbs_nm,dollie_bri,Trying not to have a mental breakdown atmüòÖ,2018-03-22T04:36:00Z
hobbs_nm,DonovanOrosco,@brendah_x @aleighza_ I was shooting for the mcgregor voice but ratchet works too,2017-12-13T16:25:00Z
hobbs_nm,erich_davis,La Cueva High School students demand changes to gun laws https://t.co/95e9gVdp7q #abq via @abqjournal,2018-02-21T21:07:00Z
hobbs_nm,EricHeggie,"There is a fire at Ludlow Taylor Elementary off 7th St NE in DC, right near Capitol Hill and the H St Corridor https://t.co/L6kCnRDPzT",2018-03-31T00:56:00Z
hobbs_nm,fatimamtz33,@jimenezz_15 Pls don‚Äôt you‚Äôll regret it besides your hair is so pretty,2018-06-09T01:35:00Z
hobbs_nm,fwt1776,@KayaJones No ones ever been able to coherently explain how the systematic killing of an unborn human child ( known as abortion) is ‚Äúhealth care‚Äù. PPH is facilitating brutal mass murder. Period.,2018-05-08T04:04:00Z
hobbs_nm,fwt1776,"Hey @NBA , would it kill you guys to have one of your ungrateful, childish, disrespectful, overpaid spoil brats from the @warriors and @HoustonRockets put their hands over their hearts during the anthem? What an absolute waste of space these adult children are. Grow up!",2018-05-21T00:03:00Z
hobbs_nm,geraldbryant536,"@RWPUSA @JoyAnnReid Go climb back we‚Äôre you came from, worry about your own state. Banning guns will not stop anything, they will find something else to use. People are so ignorant he was making bombs to.",2018-05-20T04:16:00Z
hobbs_nm,geraldbryant536,@NARAL @Michelle4NM It‚Äôs not pro choice it pro murder. Call it what it is. And if Michelle does win her first act should be to give Lea and Eddy county to Texas since y‚Äôall people up north hate the oilfields and want so-called clean energy. It won‚Äôt happen y‚Äôall love oil money,2018-06-06T04:32:00Z
hobbs_nm,goddessofnap,@poppyhoweII i‚Äôm going to call the police,2017-12-20T17:53:00Z
hobbs_nm,GroundMovement,I added a video to a @YouTube playlist https://t.co/iFGiV1imTe AXE MURDER HOLLOW - BASED ON TRUE EVENTS | Scary Stories for Kids |,2018-01-28T12:27:00Z
hobbs_nm,highaltitudehighoptics,Came across this old beauty while shooting a large property today. I love the American flag on the side! #farmlife #dronepic #dronephotography #dronestagram #drones #djiphantom4pro #dji #spectrumgrades #redbarnfarm #chevron #oldglory #americanflag #highaltitudehighoptics,2018-02-24T03:56:00Z
hobbs_nm,HisFaceMyThrone,@RogerThat_92 Hell no. I'm done forever,2017-12-15T14:39:00Z
hobbs_nm,HobbsPolice,"MEDIA RELEASE January 8, 2018 *****Update to Shooting on December 27, 2017****** On January 7, 2018 Detectives... https://t.co/XiY41888BO",2018-01-08T22:56:00Z
hobbs_nm,HobbsPolice,The Hobbs Police Department is currently investigating a shooting that occurred at the Chili‚Äôs Restaurant.... https://t.co/HWKvo00db3,2018-01-28T02:39:00Z
hobbs_nm,i_amunderrated,"Set the game on fire , and let it burn slow.",2017-12-23T18:02:00Z
hobbs_nm,iam_GRIZZLY,"I hope you‚Äôre happy, honestly Baby. I‚Äôm done wasting the best of me, Maybe love just wasn‚Äôt meant to be",2017-12-21T05:54:00Z
hobbs_nm,Isabel_Ramirezx,This whole school shooting threat is ridiculous.,2018-02-23T16:38:00Z
hobbs_nm,jas_glover1,Britt * Are you laying on your bed with no T.V. On ? Me* yes why are you stalking me ? Brit * I just had a feeling I think we talk too much >,2018-05-24T22:41:00Z
hobbs_nm,jeffrey_poe,@JRuiz2444 Kobe raped a girl ü§∑üèª‚Äç‚ôÇÔ∏èü§ß,2018-02-21T05:14:00Z
hobbs_nm,jesmtlsd,"We‚Äôre getting some plants ready for the garden! (Winter, please go away). Thank you to the JES PTA for helping us plant this week! #leboproud of these gardeners @LetsMovePGH https://t.co/vR01GgKaUq",2018-03-21T22:17:00Z
hobbs_nm,JoplinNewsFirst,(64801) ‚Äî Public is not in danger. The Jefferson Elementary School is not on lockdown. This is a routine... https://t.co/GT0nOTCUY0,2018-01-19T21:20:00Z
hobbs_nm,JPrincePhysed,@RArmstrongPE @JoeMcCarthy09 @MrRoosPE @SchleiderJustin @MikeMorrisPE @minnesotalynx That‚Äôs awesome Joe! I‚Äôm down for that shooting challenge.,2018-04-15T03:07:00Z
hobbs_nm,JRuiz2444,@jahernandez0218 @jeffrey_poe We just got a sniper dub without you. You‚Äôre the weakest link,2018-03-30T23:02:00Z
hobbs_nm,JustinJmolina92,Patiently waiting for Syria to bomb us so I don't have to go to work anymore.,2018-04-17T19:22:00Z
hobbs_nm,Karena_Carrasco,When are New Years resolutions going to die down?? Bc the gym is too packed rn,2018-01-09T02:46:00Z
hobbs_nm,Karennnn_15,@ThatGuyCaleb_ I‚Äôm calling the police,2017-12-21T02:19:00Z
hobbs_nm,kattt98_,"okay period I get it I‚Äôm not pregnant, can you please go away now üò≠üò≠",2018-01-12T04:54:00Z
hobbs_nm,KaylaAnaleigh,Lotus Flower Bomb will forever be my favorite,2018-02-12T05:26:00Z
hobbs_nm,KaylaDe96026109,I do not want to sing again cause their is a lot of shooting going on right by my house https://t.co/SjmRZaXLvd,2018-03-27T07:16:00Z
hobbs_nm,kaytlovee1,This girl has the nerve to say abortion ISN‚ÄôT murder when she has a baby if her own,2018-04-20T07:34:00Z
hobbs_nm,kbreed89,"‚ÄúBartleby, the Scrivener‚Äù by Herman Melville ‚ÄúMen have committed murder for jealousy‚Äôs sake, and anger‚Äôs sake, and‚Ä¶ https://t.co/kDHitOER6g",2018-01-07T03:14:00Z
hobbs_nm,kevintheshort1,lately i been feeling like i‚Äôm going to die soon,2018-02-26T06:40:00Z
hobbs_nm,Kiiirsten_C,I cut my leg so bad in the shower tonight and it looked like someone got murdered in there üòÇ,2018-01-28T01:56:00Z
hobbs_nm,Kimberly69_,"Tru love never dies , but it can kill you",2018-01-27T02:10:00Z
hobbs_nm,krqe_headlines,Student in Hobbs High School shooting hoax may face charges https://t.co/hJuCNaeGbR,2017-12-19T13:02:00Z
hobbs_nm,KSBY,Police standoff prompts lockdown of Taylor Elementary School in #SantaMaria https://t.co/z67zWoUMwp,2018-03-02T19:00:00Z
hobbs_nm,KSmith40654773,"@AP No, this maniac gassing his people is! That said, I think we should stay out of it. Let them do what they do. Those people are bred to terrorize and murder one another.",2018-06-10T12:41:00Z
hobbs_nm,KSmith40654773,"@MissMishaSays @Reuters Well, Jeff Sessions has just set the bar impossibly high to seek asylum now and yes it does affect me. Every day I read a story about how a refugee has raped someone, committed a crime.. My family bled for this country. Let those people bleed for theirs.",2018-06-12T10:41:00Z
hobbs_nm,KUNMnews,"Student In Hobbs High School Shooting Hoax May Face Charges, Pam Grier To Appear At NM Film Fest https://t.co/sUyUK1myho",2017-12-19T17:04:00Z
hobbs_nm,leacountydems1,Austin bomb suspect blows self up during police confrontation https://t.co/wPXM6Mz9IM via @nbcnews,2018-03-21T10:42:00Z
hobbs_nm,LegitPoonda,I added a video to a @YouTube playlist https://t.co/sG8FcEcpIg The White Death - The Best Sniper Known To Man,2018-05-15T03:53:00Z
hobbs_nm,LilahRayne,You know your lightweight when you‚Äôve only had two Vegas bombs and hitting a buzz,2018-05-13T00:04:00Z
hobbs_nm,littleponcho66,@benshapiro @Midgespeaks I guess she thinks you should murder them the way she‚Äôs probably murdered her own.,2018-04-18T03:42:00Z
hobbs_nm,littleponcho66,@CJLangdon0574 @auntmimi15 @jimmykimmel @michelleisawolf Abortion should make every parent sick! How bout these women start taking responsibility for their actions as opposed to murdering a child in the womb? Our tax dollars pay these women to murder their children via PP! #notmytaxdollar,2018-04-30T04:47:00Z
hobbs_nm,littleponcho66,@wntrkwl @ayankowsky @barrycunningham @chelseahandler By god you attack me with a grenade and I‚Äôm gonna shoot your ass! Murder? Try self defense!!,2018-05-16T03:23:00Z
hobbs_nm,littleponcho66,@Thomas1774Paine I heard this last night. Best believe it will be shoot to kill alright. From all of us that voted for him! I believe a bloody civil war will ensue if they even try it!!,2018-05-23T12:39:00Z
hobbs_nm,littleponcho66,@BillClinton @ClintonFdn I‚Äôm sure all the women you raped are so proud of your accomplishments,2018-05-24T14:07:00Z
hobbs_nm,littleponcho66,@YahooNews He‚Äôs always been shameless. I mean this a man that raped Juanita Broderick and Kathleen Wiley.,2018-06-04T20:28:00Z
hobbs_nm,lizbeth1132,yes i did go to the gym and yes i ate at Jaliscos right after lol ITS NOT GONNA KILL ME,2018-03-15T03:51:00Z
hobbs_nm,lizhonigmann,STOP shooting people down when they‚Äôre happy,2018-04-05T04:47:00Z
hobbs_nm,MaddyRussell13,For once I want to be a first choice,2018-02-19T07:00:00Z
hobbs_nm,martiinez_25,Good thing his helper had his gun and he walked outside on them and was able to call the cops,2017-12-12T06:51:00Z
hobbs_nm,martiinez_25,I get mad when marco carries his truck in the gun but now I see why,2017-12-12T06:53:00Z
hobbs_nm,martiinez_25,I get mad when marco carries his gun in the truck but now I know why,2017-12-12T06:54:00Z
hobbs_nm,MayraWestAf,Nolen is about to give me a heart attack man he will not let me finish this exam I'm gonna have a mental breakdown üò©,2017-12-13T01:00:00Z
hobbs_nm,MayraWestAf,I lost my real gold hoops last night and I am heart broken my mom is gonna kill me,2017-12-24T01:10:00Z
hobbs_nm,MayraWestAf,The lady at the Medicaid office checked my purse ya know to see if I had a gun or a knife and she saw that I had co‚Ä¶ https://t.co/LmQBZAail8,2018-01-11T22:45:00Z
hobbs_nm,MayraWestAf,Nothing tops the money you make serving but damn I get my ass kicked sometimes,2018-04-15T05:48:00Z
hobbs_nm,mel_0630,@gommunisd I sprained my ankle shooting jumping to shoot a ball.,2018-06-08T00:06:00Z
hobbs_nm,MikeNitzel,The Kentucky school shooting is now the 12th story on the @CNN website. #NewNormal,2018-01-24T06:10:00Z
hobbs_nm,mitszy_,"@mynaomi05 but mile repeats on tuesday will kill you even more so don‚Äôt worry, we‚Äôll die together just to be district champs.",2018-05-18T17:16:00Z
hobbs_nm,mjbaxter_,"don't be nice, you'll end up getting screwed over",2017-12-27T18:20:00Z
hobbs_nm,MrBryantGuy,‚ÄúI never fantasize 'bout murder 'cause I'm still sane But I can't seem to fight this urge to make you feel pain I know that vengeance is the Lord's and it's not for me I know the punishment for you is that you not with me‚Äù,2018-04-23T21:06:00Z
hobbs_nm,NickieBryar,"@ChristinePedi 1/10 - CSUSan Bernandino: shots fired off campus, hit window on campus 1/10 - Coronado Elementary, A‚Ä¶ https://t.co/aQomE6YOWF",2018-01-23T21:11:00Z
hobbs_nm,ObrianHouston,My girl was shot this morning. Brian and I got her when she was 6 weeks old. She is now 9 years old. She is good... https://t.co/ixwT2OhHyA,2018-02-03T23:59:00Z
hobbs_nm,OG_Ponton,I‚Äôm allergic to all melons. I‚Äôm eating some cantaloupe and my tongue is gonna swell and I‚Äôm going to die. Praise da lort.,2018-04-01T01:33:00Z
hobbs_nm,OhDamn_Desi,I‚Äôve see like 7 shooting stars tonight,2017-12-14T10:54:00Z
hobbs_nm,PennjrJr,They be like franko when you make it I want so and so but where were you when I was shooting in the gym?,2017-12-29T18:57:00Z
hobbs_nm,PennjrJr,Timo murder that 100 shot remix,2018-02-05T17:45:00Z
hobbs_nm,PGDougSchneider,"Green Bay's Jefferson Elementary School is on lockdown, @GBPolice say. They're dealing with a suicidal person in th‚Ä¶ https://t.co/j13zeYh4i7",2018-01-18T20:10:00Z
hobbs_nm,ponchi_k,"@MissMishaSays @Reuters No I don‚Äôt have one. It was pushed under the rug because of who he was. He was a pediatrician here for years. Everyone in town knew about it. Police offices that responded and the nursing staff, the girl who called the police.",2018-06-12T20:50:00Z
hobbs_nm,Ramy529,Catch me dropping out and selling drugs just to pay for twitter #NetNuetrality,2017-12-14T19:25:00Z
hobbs_nm,Ramy529,Catch me dropping out and selling drugs just to pay for twitter #NetNeutrality,2017-12-14T19:28:00Z
hobbs_nm,ReginaldDerrett,"Tupac Murder Weapon Was Found, Current Location a Mystery via @TMZ https://t.co/cfhpHwQ47m https://t.co/GpSJEqiEW8",2017-12-15T15:11:00Z
hobbs_nm,RepStevePearce,"Tax season is upon us once again. If you or someone you know needs help navigating this tax season, check out my #TaxpayerToolkit with important resources to guide you through it ---> https://t.co/AornQfQsmJ https://t.co/UXdY4iC9D3",2018-04-03T17:42:00Z
hobbs_nm,RepStevePearce,"#ICYMI: It's #TaxSeason! If you or someone you know needs help navigating the filing process, checkout my Taxpayer Toolkit here: https://t.co/AornQfQsmJ https://t.co/uWlqF4wGtD",2018-04-06T19:02:00Z
hobbs_nm,rex_amillion,Good eye sniper,2018-01-03T20:26:00Z
hobbs_nm,reynargomez,@TheNewErikT93 I feel you on that! but spit on me on an ordinary day I‚Äôll fucking kill you,2018-01-24T03:46:00Z
hobbs_nm,RicardoNino2,G Eazy fucking murdered his album. Don‚Äôt @ me. I don‚Äôt wanna hear it,2017-12-15T07:06:00Z
hobbs_nm,robbyrobtt,"@_bryceflores Tellm about that bomb a** taco truck, he‚Äôs gonna Need a good meal for the sadness",2018-01-18T15:42:00Z
hobbs_nm,robbyrobtt,@_bryceflores I‚Äôm more fun than I am ugly I promise lmao,2018-04-13T04:49:00Z
hobbs_nm,robbyrobtt,Tuyu once raped me for 40 bucks for two burgers,2018-05-17T05:58:00Z
hobbs_nm,RobRuiizz,"Hosted by @BigNeechi if you don‚Äôt go you‚Äôll regret it, first 20 girls to wanna go with me get in free. DONT MISS IT‚Ä¶ https://t.co/9A3f7Im1dY",2017-12-28T02:59:00Z
hobbs_nm,RobRuiizz,just got a llama and a 217m sniper kill in the same game lol,2018-03-25T21:47:00Z
hobbs_nm,RobRuiizz,If you get your ass beat and then pull a gun you‚Äôre a bitch. Take your ass whooping like a man!,2018-05-24T04:39:00Z
hobbs_nm,Ron02069115,"@CarleyShimkus @DICKS 99% of the population being directed by 1% , if they can go to war .. they should be able to go to the gun store ..",2018-03-02T00:17:00Z
hobbs_nm,S_manthaaa,I just made some BOMB grilled chicken üòãüòã,2018-04-10T03:44:00Z
hobbs_nm,S_manthaaa,Yuh girl has a bomb swim suite for this weekend,2018-06-01T00:22:00Z
hobbs_nm,SchnaubertM,"@petehudson101 Man he needs his ass kicked! No respect, he‚Äôs one of the worst that reports FAKE NEWS",2017-12-12T18:31:00Z
hobbs_nm,SchnaubertM,"@IAmKateSteinle I got so pissed when they let that illegal off w murder, and you don‚Äôt hear anything else about it,‚Ä¶ https://t.co/fvcAVOTCgl",2017-12-29T12:31:00Z
hobbs_nm,SchnaubertM,"@kyungkarenmend1 @paulsperry_ They didn‚Äôt sell nuclear bomb materials to Russia, iBUMa and hitlery did , have you c‚Ä¶ https://t.co/G3b11PoCH7",2018-01-14T12:28:00Z
hobbs_nm,SchnaubertM,@SparkleSoup45 Every time an American gets murdered by an illegal from a hole country they need to be charged with‚Ä¶ https://t.co/wF1TwyH1La,2018-01-20T12:13:00Z
hobbs_nm,SchnaubertM,"@Thomas1774Paine They can go to jail for straws but if you‚Äôre an illegal you can murder somebody and walk Free, wha‚Ä¶ https://t.co/oOfVuXDDtd",2018-01-27T10:53:00Z
hobbs_nm,SchnaubertM,@HrrEerrer @seanhannity Hillary has a hit list getting bigger by the day,2018-02-08T13:58:00Z
hobbs_nm,SchnaubertM,"@joshdcaplan That‚Äôs what will happen if they give guns to teachers, most of em are not going to shoot anyone, retir‚Ä¶ https://t.co/CzrVt5YiVA",2018-02-24T11:27:00Z
hobbs_nm,SchnaubertM,"@GaetaSusan Those people are seriously mental , what in the hell did the nra have to do with that idiot shooting th‚Ä¶ https://t.co/0OLSaNqFIU",2018-02-24T11:30:00Z
hobbs_nm,SchnaubertM,"@broomrider29979 @AlwaysActions @BarbMuenchen @steph93065 @ChristieC733 @KazmierskiR @DonnaWR8 @bfraser747 @VFL2013 @RodStryker @Veteran4Trump @TruckerBobS Yea she would do us a favor, but don‚Äôt reattach it, that just makes me sick and they probably won‚Äôt do anything to him ,",2018-03-17T12:38:00Z
hobbs_nm,SchnaubertM,"@rejialex7 @realshady8kers They need to go hide in mommies basement before they get their ass kicked,",2018-03-20T21:09:00Z
hobbs_nm,ScottLeeCupp,ANOTHER school shooting. What is this timeline coming to? Monitoring gun sales is nor enough when OWNERS ARE IRRESPONSIBLE!!!,2018-05-25T21:05:00Z
hobbs_nm,ScottLeeCupp,"@abc13houston He'd get raped and hung out to dry in prison. 90 days house arrest will serve him right. BUT, he is still a nuisance and a freak.",2018-05-27T21:42:00Z
hobbs_nm,SerenityFuller2,@lizhonigmann Ur gonna kill it bby,2018-02-27T03:23:00Z
hobbs_nm,SerenityFuller2,@lizhonigmann @addison16807 STFU YALL ARE GONNA KILL IT,2018-03-18T02:55:00Z
hobbs_nm,serverunicorn,@BrittneyNKelly I have always liked crime documentaries! I've been watching When Murder Calls here recently. I suggest giving it a watch.,2018-05-09T01:42:00Z
hobbs_nm,SeSaMEPlease,I suck with sniper (no hard scope) https://t.co/gSPhsYJ5Vh,2018-02-02T17:43:00Z
hobbs_nm,SeSaMEPlease,I think ima just play c-ops and make people mad now just camp and not plant bomb and say ‚Äúez‚Äù ‚ÄúL‚Äù ‚Äújajajaja‚Äù ‚ÄúGet r‚Ä¶ https://t.co/DBmVTpyE3b,2018-02-14T07:58:00Z
hobbs_nm,ShannonWGXA,NOW: A parent meeting at Rosa Taylor Elementary school to discuss the incident of a student bringing a gun to schoo‚Ä¶ https://t.co/5e1O0UWS80,2018-01-11T21:28:00Z
hobbs_nm,SMichelleH,My cat is so sweet and amazing.... until she gets possessed by Hades and actually tries to murder me.üôÉ,2018-04-14T04:34:00Z
hobbs_nm,SMichelleH,"Correction.... my cat is actually Keres, the goddess of violent death. She may actually murder me one day but she‚Äôs just so gosh darn cute.ü§∑üèº‚Äç‚ôÄÔ∏è",2018-04-14T04:37:00Z
hobbs_nm,svhernandez,Jefferson Elementary School no longer on lockdown. Officers are notifying neighbors of the change in situation.,2018-01-18T20:56:00Z
hobbs_nm,svhernandez,Jefferson Elementary School no longer on lockdown. Officers are notifying neighbors of the change in situation.,2018-01-18T21:00:00Z
hobbs_nm,T_Mulherin,"Another bomb, this one three runs. Mr. Kendrys Morales, oppo. Hamels not looking good at all right now",2018-04-08T19:15:00Z
hobbs_nm,T_Mulherin,"Toronto is feeling the effects of the ""fake"" LeBron that rocked the Celtics in Game 6 of the ECF in 2012. Dude is making everything at a shooting rate he rarely shows. Frustrating, ain't it?",2018-05-04T00:09:00Z
hobbs_nm,T_Mulherin,"Quick note: That B1 was the first time this year Sale struck out all three batters in a 1-2- 3 inning. How fitting it came against the Rangers. No matter, DeShields made a great diving stab in center to end T2. Texas will try to put ball in play this time around",2018-05-06T19:32:00Z
hobbs_nm,T_Mulherin,"Here's a tip Celtics: Stop operating so much through Smart and Morris on offense! Jaylen Brown scorched in 1Q (6-for-8 shooting) but Morris and Smart get to run the offense from there? I get you've got to rest, but for seven minutes? The Marcuses are 4-for-11 w/ 4 turnovers. YUCK",2018-05-26T01:46:00Z
hobbs_nm,T_Mulherin,People seem to be a little too fixated on LeBron's 5-for-11 shooting opposed to his four turnovers in 19 minutes.,2018-05-28T01:27:00Z
hobbs_nm,Taylorl1219,Dukes gonna kill them,2018-03-10T02:36:00Z
hobbs_nm,teehattt,@hotandhumid definitely! I‚Äôm terrified of the first time something big does but also tired of paying my landlords mortgage haha,2018-03-23T12:10:00Z
hobbs_nm,teehattt,"@hotandhumid I‚Äôm not so much concerned about the move, more about the closing date getting pushed back further. I‚Äôm terrified!",2018-05-03T23:53:00Z
hobbs_nm,teehattt,@champagnemaggie I will murder someone,2018-05-26T21:14:00Z
hobbs_nm,TheNewErikT93,Dez can kiss my ass im done defending him,2017-12-10T18:09:00Z
hobbs_nm,TheNewErikT93,A womans idea of shooting her shot is liking a random tweet and expecting you to DM her.,2017-12-12T04:02:00Z
hobbs_nm,TheNewErikT93,Whats Lebrons shooting percentage excluding lay ups?,2017-12-14T02:27:00Z
hobbs_nm,TheNewErikT93,Havent gone shooting my gun in a grip. Been too cold. Need to get drunk 1st so I'll be warm,2017-12-21T02:13:00Z
hobbs_nm,TheNewErikT93,Thinkin about shooting it,2017-12-21T05:21:00Z
hobbs_nm,TheNewErikT93,Reminder to anyone in Hobbs shooting their guns in the air on New Year's: Aim towards Lovington,2017-12-30T01:27:00Z
hobbs_nm,TheNewErikT93,The type of women where you always gotta sleep with one eye open cuz she might kill you in your sleep<><>,2018-01-05T20:50:00Z
hobbs_nm,TheNewErikT93,@HisFaceMyThrone Yea it's bomb you should try it. It's what I'm having for lunch today,2018-01-17T19:01:00Z
hobbs_nm,TheNewErikT93,@TrillestAC She's emotional cuz the song is about her being raped and her forgiving her rapist. She can actually sing though,2018-01-29T02:47:00Z
hobbs_nm,TheNewErikT93,I bomb atomically Socrates' philosophies and hypotheses Can‚Äôt define how I be dropping these mockeries Lyrically pe‚Ä¶ https://t.co/1cFAZRp17C,2018-02-10T08:27:00Z
hobbs_nm,TheNewErikT93,You don't fuck with people's cars man. I don't care who you are if you fuck with my truck I'ma shoot your car engine and radiator. And if you ain't got a car I'ma shoot you in the foot,2018-03-19T21:27:00Z
hobbs_nm,TLNAlbuquerque,Student in Hobbs High School shooting hoax may face charges https://t.co/SbBhxaLoTP,2017-12-19T16:41:00Z
hobbs_nm,TrillaLikGdzlla,"Let the haters hate, they're full of envy, but you gon watch me stack this money while I kill her in the bed sheets, Oo that jeleousy finna get you killed, that's that broke nigga craving, what you can't have, but keep coming at me wrong, I'll hit you with some blessings. #yuh",2018-05-29T23:29:00Z
hobbs_nm,trinity_jade04,Soooo for vacation at the end of July we‚Äôre going to Seattle to see my gramps and they had a bomb ahh taco truck last time we went so catch me there the whole time.,2018-04-29T02:50:00Z
hobbs_nm,tyrarenae_,Hobbs is toxic,2017-12-21T14:52:00Z
hobbs_nm,tyrarenae_,First mental breakdown of Spring Semester 2018,2018-01-19T21:07:00Z
hobbs_nm,unitedrealtynm,Wondering what the key is to sell your house? Our #Marketing techniques are the secret weapon to getting your h‚Ä¶ https://t.co/2hFtqI7kOC,2018-01-03T14:03:00Z
hobbs_nm,usw_xc,Selena Ornelas drops a bomb on her first throw and hits the A-Standard for Nationals in the women‚Äôs Javelin! 40.80m Nice work lady! Now the real work begins! University of the Southwest Track and Field/Cross Country #mustangsthrow @OrnelasSelena https://t.co/z2OzaiWYx5,2018-05-13T15:57:00Z
hobbs_nm,veroneecuh,"Okay cool, I was on twitter lock down",2018-04-22T00:40:00Z
hobbs_nm,WBAY,The situation on Shea Ave. in Green Bay has ended and the Jefferson Elementary lock down is lifted: https://t.co/VCdxS9Fpi7,2018-01-18T21:07:00Z
hobbs_nm,WGXAnews,Rosa Taylor Elementary holds meeting for parents after student brings loaded gun to school https://t.co/vmQ9pwCECn,2018-01-12T02:48:00Z
hobbs_nm,wobm,"Unknown males reportedly threaten to ""shoot up"" Clark Mills School in Manalapan: Manalapan Police are investigating social media threats made against Clark Mills Elementary School over the last week. Continue reading‚Ä¶ https://t.co/96Zc1fgbrD https://t.co/TG6l2z28NZ",2018-03-29T11:25:00Z
hobbs_nm,WolfOfWillowST,BITCH YOU WASNT WITH ME SHOOTING IN THE GYM,2018-06-06T22:46:00Z
hobbs_nm,WonkaWinsTwitch,Americans want the same government that stood outside a school during an active shooter situation and ignored many‚Ä¶ https://t.co/NY8OAL63uh,2018-02-24T15:11:00Z
hobbs_nm,WonkaWinsTwitch,"@bajablastnmyass @Evan_Lamping18 @lerchyy @LittleBabyCrow @KaitMarieox If the Florida school shooting is any example, I don't think you have to worry about the police shooting you.",2018-05-16T16:59:00Z
hobbs_nm,yungmasedgod,all i saw was y‚Äôall talking some mad shit about giannis and y‚Äôall didn‚Äôt tell me he dropped 35/13/7 on 50+% shooting,2018-04-15T22:25:00Z
hobbs_nm,yungmasedgod,if philly keeps shooting these dumbass 3‚Äôs i‚Äôm gonna pull the hair out of my head,2018-04-17T02:41:00Z
hobbs_nm,zairaa_m,my grades cannot afford me missing another school day,2017-12-15T16:00:00Z
katy_tx,_ericuhh_,@reklawykS_riS Right? They threatened to tow me from my own spot lol The thing is I‚Äôm such a ‚Äúit‚Äôs no big deal‚Äù type that if they never threatened me I probably wouldn‚Äôt have towed them considering they maybe just needed a spot and I don‚Äôt use it constantly lol,2019-07-21T18:14:00Z
katy_tx,_Kyle7,I read 1st day of school and my vibe was shot https://t.co/GvGVrkpOze,2019-07-29T03:50:00Z
katy_tx,_MattGuerra,@WWE @WWERomanReigns Attempted murder,2019-07-31T11:09:00Z
katy_tx,_suheyyyy,Bruh he fucken mena mugged my cousin yesterday! I would tell him to bring me another drink and I saw when he looked at him like who tf is this dude. So I was quick to say that‚Äôs my other cousin you don‚Äôt know him. Oh yeah I‚Äôve only seen hi around,2019-07-10T05:31:00Z
katy_tx,ashlei_nicole__,nobody: when a minor inconvenience hits and causes me to spiral into a mental breakdown that I later on realize was dramatic: https://t.co/Ps3sHOJJZV,2019-08-01T07:10:00Z
katy_tx,attackablee,@Eclyypse weirdo you stalking me?,2019-07-26T18:27:00Z
katy_tx,avtistrv,i‚Äôm gonna shoot myself today is the day and i hate hwy 6,2019-07-18T19:44:00Z
katy_tx,BlackTexanJesus,@Sommervillejr @Tatherley Imma have to ask you to respectfully delete this post. Or imma call the cops,2019-07-07T20:05:00Z
katy_tx,BrettAshburn,"I just found out that the man murdered in this article was a long time friend who had fallen on hard times. Rest in peace Micheal Haney, a.k.a. ‚ÄúSpike‚Äù. You may be gone but not forgotten https://t.co/TiBAJlscMY",2019-07-06T16:38:00Z
katy_tx,ChaseBurnett8,@CedReed_DE @Tamara_Mariaa @DaChosen1___ Dylan roof also complied with police when they found him (Even though personally I thought they should‚Äôve put a bullet in roof),2019-08-01T12:31:00Z
katy_tx,chris11fisher,@Henry_Pwono @B_Reeves04 You ain‚Äôt know when he was gonna shoot huh üòÇ,2019-07-24T10:54:00Z
katy_tx,CoachAllred1,"She had the nerve to ignore me completely and TRIED to walk away from me... SOOOOO, of course, I left everything and followed her into the parking lot as I was calling the police (because of course somebody's about to go to jail... not sure who at this point though, her or me).",2019-07-04T19:43:00Z
katy_tx,ComradeDarren1,The death penalty does have a place here in America. But you brown jihadists need to shut up &amp; die like your jihadist friends did. America needs to be more fearful of Goat fucking terrorist loving race baiting communist racists like Omar. https://t.co/nCvcZHKMJR,2019-07-26T13:19:00Z
katy_tx,currently_vexed,"poem #4: (Fuckity, fuck, fuck) GUESS WHO GETS NO FUCKING RIGHTS MY DAD THAT'S WHO I'M GONNA START A FIGHT THIS FUCKING MAN IS ON MY NERVES I'M GOING TO DIE AND NOBODY CARES ALL I WANT IS SOME FUCKING SLEEP BUT I'M KEPT FROM COUNTING SOME FUCKING SHEEP",2019-07-08T18:45:00Z
katy_tx,DatBoiDrew_12,@gabyyrodz @malalunafest @JuiceWorlddd @trippieredd Put a bullet in yo Afro awwwwh!,2019-07-15T17:17:00Z
katy_tx,Dom22_1,‚ÄúHope I didn‚Äôt just kill him...‚Äù it‚Äôs never just been about one race üíî https://t.co/bFe86FhRom,2019-08-01T09:28:00Z
katy_tx,DPyfferoen,@LogSchell @thehill Watching bombs and pounding Labatt Blue beers to our hearts content. I‚Äôm in!,2019-07-15T22:58:00Z
katy_tx,drunkodin,"@emrazz Proof? @emrazz raped me, she forced herself onto me, ran her hand up my leg. Cuped my dong. I tried to get away, i tried to fight back. But she forced herself into me...butt. You all should fucking care",2019-07-05T12:33:00Z
katy_tx,drunkodin,@KEEMSTAR @peta Cats fine stop bitching. How many heathly animals does @peta murder each week,2019-07-19T23:48:00Z
katy_tx,DuckyHeller,"Never heard of this shooting, wild 20+ years later and it's still this big of a problem that incidents like this just get forgotten in time https://t.co/rPXPD5elMv",2019-07-28T21:30:00Z
katy_tx,easybreezy2001,"if you have a gun in your house (home) for protection why on earth would you lock it up? i personally want my gun(s) ready and available at a moments notice, otherwise why have a gun at all. https://t.co/ea5SP2VVTU",2019-07-06T14:28:00Z
katy_tx,EasyOperator,@gethoht @SBANYPD Are you going to shoot it out of your vagina?,2019-07-25T22:44:00Z
katy_tx,EmilyKimmich,This level in Spyro is gonna kill me,2019-07-04T01:15:00Z
katy_tx,erin_mck_ohara,@GonzalezMicah bro all i did was threaten to kill you????,2019-07-22T21:42:00Z
katy_tx,estefaniaday,touch my daughter and I stg I‚Äôll put you in jail where you‚Äôll be raped in your ass üò§ https://t.co/lzRR00RohY,2019-07-26T22:58:00Z
katy_tx,Houston_53,"@LenaSpringer It‚Äôs not about guns, it‚Äôs about people. Could have been a car/truck mowing folks down... Could have been a bomb... Could have been a machete.",2019-07-30T01:20:00Z
katy_tx,IkeBrownFAMU,@K_Teeney ‚ÄúHope this indecent proposal make ya do something with me‚Äù Boy he was wild. Was my favorite rapper until he raped.,2019-07-27T08:02:00Z
katy_tx,its_briannahyo,"I‚Äôm tired of school, shoot me pls",2019-07-30T16:42:00Z
katy_tx,IvetteRios2_26,@chellegabe01 @melleah06 I know! He is coming for Fezco and he's gonna have to kill him! Ay! I hope Rue doesn't go back to drugs.,2019-07-30T21:04:00Z
katy_tx,jasmine_thelove,@RachaelCooke13 @HomeFriedCaniac @MrsCruise1 @UnplannedMovie @LilaGraceRose @LiveAction As long as there is an exception for rape and women at risk I agree.,2019-07-12T18:19:00Z
katy_tx,JellyJam_24,"He screamed at me about how they were documented and legal and I really wanted to scream back but I didn‚Äôt üòî sure, they were ‚Äúdocumented‚Äù after they came over here and murdered people for their land, set up a town and started life. But poor families trying to come to America",2019-07-05T06:38:00Z
katy_tx,katy77539,@emicrystal @TheJusticeDept When raped it's a different ball game or incest for that matter.,2019-07-26T05:18:00Z
katy_tx,kayahnuh,"I‚Äôm mad at the whole city of Dallas and anybody from there, cuz w Texas being the most lenient state on Gun Laws......y‚Äôall did y‚Äôall thing once w JFK (shouldn‚Äôt have tho, he was fine) BUT CANT DO IT W TRUMP?",2019-07-14T20:14:00Z
katy_tx,kaylapbaker,if anyone has some deep evil revenge plot to kill me/get me killed then PLEASE HURRY UP WITH IT ALREADY,2019-07-20T00:59:00Z
katy_tx,killak2104,Fuck this school district. Fuck poor shaming. How damn hard is it just to be a decent human?? https://t.co/xUrDC2kHo4,2019-07-24T23:13:00Z
katy_tx,KingHusamE,@anarchist_black @IamJacism @D4MURE They set her up to get raped apparently,2019-07-24T02:23:00Z
katy_tx,Kingnickrusso,The Rockets are gonna shoot way more shots this coming year.,2019-07-12T00:47:00Z
katy_tx,kswood43,@KPRC2 She doesn‚Äôt want to get murdered.,2019-07-12T03:12:00Z
katy_tx,kyotoamatsukami,i‚Äôm gonna kill myself,2019-07-25T02:00:00Z
katy_tx,Lewis_Nathann,That mf gon kill YOU https://t.co/80DRa6yWN2,2019-07-21T04:35:00Z
katy_tx,MattyG361,@Jeramie_Marek @StevenGuajardo @barstoolsports @Starting9 @KrisGuerrero_ Red Exo got me some bombs. Last AB ever bombskie at @whataburger field,2019-07-09T02:28:00Z
katy_tx,msksq,"I will take your baby! And I won't say your name, we can keep it 100% quiet, and people will know we adopted from a loving individual that wanted a great home for their baby! Being arrested for neglect of a 4... https://t.co/aZ9Cy5gY4O",2019-07-27T01:00:00Z
katy_tx,ohwell_janell,"anybody who wore MAGA hats yesterday, I hope a firework shot up your a** because even that pain doesn‚Äôt even slightly describe how the innocent people in the camps feel.",2019-07-06T03:23:00Z
katy_tx,Past2Present,Happy Fourth of July. https://t.co/9XwCo6SUf9,2019-07-04T13:36:00Z
katy_tx,Pinche_Whiteboy,"I‚Äôve kept quiet about everything regarding Adam. I left his band to focus on myself more. At one point, I didn‚Äôt hit him up for 2 weeks. That was my fault. At the same time, 2 of my friends were threatening to kill themselves.",2019-07-29T22:34:00Z
katy_tx,poison_ivey1998,FUU WHO IS ABOUT TO BE RAPED (NOT LITERALLY) BY THE AKATSUKI CALLED KAKUZU HER FUCKING SENPAI BITCH WTF HE TRYNA TAKE YOUR TAILED BEAST AND KILL YOU! FUCKING DUMBASS BITCH!,2019-07-31T01:13:00Z
katy_tx,Riverdeboz,@Jerblaine Notice how he loses it when a woman laughs. Proof yet again. A man is afraid that women will laugh at him. A woman is afraid a man will kill her. This guy can‚Äôt contain his hatred of women because he can‚Äôt get laid. Therefore all women are bitches and need to STFU. #scary,2019-07-11T02:02:00Z
katy_tx,SheeshCP,Man old heads at the gym the WORST! Boys quick to throw an elbow but let you say something or foul back and they goin start a riot. This shit be killing me and if you‚Äôve ever hooped w me you know I‚Äôm annoying AS FUCK on the court. https://t.co/aPqZ8gVyRc,2019-07-22T14:28:00Z
katy_tx,shreyagupta_,@pringledahiya I‚Äôm gonna kill u,2019-07-18T16:39:00Z
katy_tx,slaguerre3,"this math in elementary class is about to kill me this summer, but I‚Äôm determined to pass it with a B ‚ÄºÔ∏è",2019-07-07T21:23:00Z
katy_tx,spacecity4life,@TheJ_Miles The ‚ÄúHe‚Äôs got a Gun‚Äù Vol. 1‚Äôs .. blood drops on canvas extra $50.,2019-07-04T20:30:00Z
katy_tx,thecIutchcity,This dude really gonna kill himself over twitter,2019-07-23T18:05:00Z
katy_tx,TheFenixxer,@SGJaY0 @djoats02 https://t.co/qj8d7KBu8Z,2019-07-18T20:06:00Z
katy_tx,TheFenixxer,"@FOX26Houston Remember kids, when you‚Äôre running from the shooter and you feel a strong hit on your backpack just drop on the floor while looking at the floor and don‚Äôt move.",2019-07-26T23:57:00Z
katy_tx,tory_brett,"@queersing You literally sicken me. I don‚Äôt care what you identify as.. I don‚Äôt have to agree with it. However, if you dislike this country so much that you feel the need to burn the flag, then JUST LEAVE. Like seriously.. GO. I applaud your maturity level... not. üôÑ #ProudToBeAnAmerican",2019-07-06T15:46:00Z
katy_tx,valkyries_queen,@MCU_Direct If I see one more comment calling Valkyrie a lesbian I‚Äôm going to KILL ALL OF YOU. MY GIRL IS BISEXUAL AND IF YOU DONT SHUT UP RN,2019-07-22T07:04:00Z
katy_tx,valkyries_queen,my dad is so racist I‚Äôm gonna kill my self,2019-07-28T00:33:00Z
katy_tx,valkyries_queen,I shouldn‚Äôt have changed my layout I‚Äôm gonna kill myself,2019-07-28T07:35:00Z
katy_tx,valkyries_queen,nick if you dont fall in love with jess again im gonna kill you,2019-07-29T23:31:00Z
katy_tx,vlad6benz,@KevinC01509039 Most definitely I gotta lose some weight or this heat is gonna kill me! Lol!! Alaska was over 90 degrees yesterday broke all records,2019-07-05T19:35:00Z
seminole_fl,_JeannieSays_,@JeanCal47217843 Nah. My throat is okay. It‚Äôs what‚Äôs between my ears that needs help. üòú,2019-08-22T01:18:00Z
seminole_fl,AlanLunin,@KatelynTweeter How about when she is raped?,2019-08-17T18:40:00Z
seminole_fl,AlexisBradyknit,@_DishinDays @mlmattes1 @nbcdays @BrandonBarash @afterbuzztv Back off! If anyone is going to kill Gabi it‚Äôs going to be ME!,2019-08-25T03:21:00Z
seminole_fl,alyssa_mcvicker,i don‚Äôt want to ride my bus anymore and i have a whole mental breakdown about it and i took a shower listening to introducing me by nick jonas and now i‚Äôm here,2019-08-13T00:43:00Z
seminole_fl,AndyRobinette,@Katelynsaywut And Ted you know just raped and killed tons of women.,2019-08-15T01:04:00Z
seminole_fl,AnOceanAbove,@anjunabae I‚Äôll take you out ü•∞,2019-08-23T21:42:00Z
seminole_fl,boogledog,I‚Äôm going to kill the next libertarian I see with my bare hands üëäüêª,2019-08-27T15:54:00Z
seminole_fl,borrupted_,please don't get it mistaken. i'll kill you all if i have to.,2019-08-12T00:58:00Z
seminole_fl,BrandiStarBrite,"Right!? I mean they didn't even really tell us ANY DETAILS about his death. How? Who? What happened? When he felt comfortable with himself &amp; new lover, 12 mins later they kill him off! Ughh. Asshole or not, I like the actor playing Monty, &amp; wanted to see it play out after HS https://t.co/mtyhB8qfhv",2019-08-26T07:21:00Z
seminole_fl,BrandiStarBrite,"@SHO_TheAffair Ughh I wanted more Cole on screen üòáüòè he was the best. Smart, thinks ahead &amp; cares about those he loves. Helen needed to get mad like Cole did. She was so passive. That's why Noah think's he can get back w/her. Honestly, I kinda hope Noah's fate ends like Allison's. Kill him off",2019-08-27T09:39:00Z
seminole_fl,CGator2005,"@AB84 Dear Drama Queen, Pittsburgh doesn't give a shit about you!! To be honest, Raider fans don't give a shit about you!! Do us ALL a favor &amp; GO AWAY! Please... GO AWAY! Thank you, The World",2019-08-22T10:29:00Z
seminole_fl,Damani_TR,Mother Nature count your days beloved,2019-08-26T14:41:00Z
seminole_fl,Dannyjimmerado,@Samsora_ I‚Äôm calling the police,2019-08-18T23:14:00Z
seminole_fl,Dareeh17,Logging to my facebook and having an overdose of back to school pictures! üôÑ,2019-08-12T18:00:00Z
seminole_fl,deedeekokontis,Death penalty! https://t.co/ISwJKbLDnn,2019-08-28T09:45:00Z
seminole_fl,DelvonJohnson,shit I hope so...he was the only one shooting üòÇ https://t.co/emDmF4HzYg,2019-08-24T16:52:00Z
seminole_fl,diehlership,"@Stotttlemyer If you miss one, call the police to check on me",2019-08-20T12:26:00Z
seminole_fl,Down_Air,If I see the same brawlhalla ad again I‚Äôm actually going to kill myself,2019-08-24T18:13:00Z
seminole_fl,EBOSS407,@SuckafreeKurt Ain‚Äôt nan nigga acting white until he shoot up a school üö´üß¢,2019-08-18T13:56:00Z
seminole_fl,ehoffman81,@TheRealOJ32 Are you going to murder anyone with that golf club?,2019-08-20T02:46:00Z
seminole_fl,EXICUTlON,"he's not a school shooter, just one of our JROTC veterans !! https://t.co/ahJcMSa3ej",2019-08-17T15:52:00Z
seminole_fl,fiijiacee,This that ‚Äúima kill you an yo homies‚Äù look https://t.co/R55cMK2Fp7,2019-08-28T05:34:00Z
seminole_fl,gabylovesonic,@wildside7801 Oh okay I looked and there was an assault nearby the park I lived around 9Pm ummm.... yeah I‚Äôm scared,2019-08-20T05:46:00Z
seminole_fl,gabylovesonic,@Izuki67545946 I looked at the news and I saw nearby there was an assault so idk if they were searching for a man but it went on for an hour but I fell asleep eventually,2019-08-20T13:08:00Z
seminole_fl,gamemaster12331,@TheRealOJ32 @Colts Watch out luck. He gonna kill you,2019-08-25T01:51:00Z
seminole_fl,green_vitality,Bless his heart. üíñüíïüíñ #EPStrong #EnoughIsEnough #DoSomething https://t.co/phUY8nyAFg,2019-08-14T01:20:00Z
seminole_fl,hoodrichdavec,"@nowthisnews dude looks like a school shooter, weird ass fucking socks",2019-08-20T21:31:00Z
seminole_fl,jagesteban,I‚Äôm talking about not funding murder! https://t.co/Jl9SkslSFL,2019-08-20T23:54:00Z
seminole_fl,jagesteban,It‚Äôs murder https://t.co/Un5AqHa5X7,2019-08-24T12:38:00Z
seminole_fl,JasonDiG_,@GundackerSports Gun I need u to play arena with check tonight and carry him to champs,2019-08-15T02:05:00Z
seminole_fl,JayceBrandt,@IllusionOG If it‚Äôs not @DARROZ I‚Äôm rioting,2019-08-21T10:04:00Z
seminole_fl,jbluft,What happened I blacked out ...,2019-08-25T02:47:00Z
seminole_fl,Jenniarzatee,This random guy last night .... touch my ass when I was walking to the bar .. like RUDE ! oof,2019-08-24T14:44:00Z
seminole_fl,Jenniarzatee,Sadness‚Äôs can really kill you,2019-08-25T20:50:00Z
seminole_fl,JessicaLeigh001,"Dillon dropped his knife on my pants and stained them. I said, ‚Äúit‚Äôs okay, they‚Äôre just pants.‚Äù He said, ‚Äúreally? You‚Äôre not gonna kill me?‚Äù üòÇüòÇ boy, no üòÇ idgaf about my pants üòÇ",2019-08-26T23:42:00Z
seminole_fl,jjujulangkey,#HongKongProtesters those damn #CHICOM will take you out . Be safe https://t.co/x4XyqrlY3F,2019-08-14T01:38:00Z
seminole_fl,jjujulangkey,He was murdered. https://t.co/y7wieZcEsO,2019-08-17T04:06:00Z
seminole_fl,jjujulangkey,If you ride with Uber your life is in danger https://t.co/vp3qOEgdZh,2019-08-18T21:21:00Z
seminole_fl,JonGaled,@spacecoast_stve No way! They gonna keep the shot up the whole time?!,2019-08-26T23:26:00Z
seminole_fl,KimVarghese,"""Today's Code Red Drill has Concluded"" ... how comforting :( #EnoughIsEnough",2019-08-20T14:13:00Z
seminole_fl,leah_beah3,Brandon: I‚Äôm going to shoot myself. In the platonic way Me: as opposed to what? The romantic way? Brandon: METAPHORICAL,2019-08-21T00:40:00Z
seminole_fl,lexibaybeex3,Loving myself a lot more lately üß° #fuck12 https://t.co/qpZS1KpaKg,2019-08-22T22:08:00Z
seminole_fl,LightingFlynn,"@BadDAart @OOCWesternR34 For a moment, I though that she was getting stabbed on her feet",2019-08-14T18:06:00Z
seminole_fl,mattquinones02,I know my parents are getting old when they‚Äôre telling me stories about things that their Roomba vacuum does. ‚ÄúWe heard a bang and looked at each other: ‚ÄúTHE ROOMBA‚Äù‚Äù its like they have a little kid running around wreaking havoc üòÇ,2019-08-18T14:05:00Z
seminole_fl,McProvolone,"@TheSphereHunter That‚Äôs me hugging the walls in an isometric shooter, looking for secrets!üòÇ",2019-08-24T06:59:00Z
seminole_fl,MichelleLong73,#AuroraTeagarden they are more concerned about the money than the MURDER!,2019-08-12T01:31:00Z
seminole_fl,MrsBlunts,@doojimane I‚Äôll kill you,2019-08-20T03:09:00Z
seminole_fl,mscaptdanvers,"@avngerfury Gamora was murdered by her abuser. it was so sad that scene yo, if she was gonna die she‚Äôs said she wanted it to be among her friends. we sad",2019-08-27T11:50:00Z
seminole_fl,mthapps,the guy making my sandwhich at jersey mikes told me a i look like billie ellish ... and i‚Äôll be damned if my confidence level didn‚Äôt shoot up immediately,2019-08-23T00:40:00Z
seminole_fl,MunnRlmunn,@TheBabylonBee Brian needs help---,2019-08-27T12:24:00Z
seminole_fl,Mxkkie,We hate you too https://t.co/8gkBmLZV4X,2019-08-23T23:42:00Z
seminole_fl,Niothera,"damn it feels so unsafe at the portables in my school, trigonometry teacher just told us to duck and get the hell out of the campus if a lockdown occurs",2019-08-13T20:02:00Z
seminole_fl,No_x_o_x_Os,if jisung touched his hair istg I‚Äôm actually going to die Chan hair better be black and never see bleach for months https://t.co/vovPmqReZ7,2019-08-17T22:57:00Z
seminole_fl,No_x_o_x_Os,Because my hair is fading and I‚Äôm having a mental breakdown we‚Äôre going to the store after school and dying my hair over the weekend https://t.co/UHIZ6lkbvf,2019-08-21T10:40:00Z
seminole_fl,nosefetish,https://t.co/lKwzirU3K4,2019-08-28T13:09:00Z
seminole_fl,NYI0515,@Fox35Amy @fox35orlando Mom is always right. You are going to break every bone in your body,2019-08-28T11:47:00Z
seminole_fl,OfficialKidSyre,@rifIez Shots fired at half of the us lmao,2019-08-25T19:14:00Z
seminole_fl,owillis,Really identify with Batman here https://t.co/oktj73Lqyq,2019-08-26T22:09:00Z
seminole_fl,pebdog5,@mollyfprince That‚Äôs going to hurt Israel üòÇüòÇüòÇüòÇ,2019-08-17T12:58:00Z
seminole_fl,pebdog5,@TheBabylonBee I believe one already exists. It‚Äôs called the Police. Get off your ass and do your job.,2019-08-21T12:24:00Z
seminole_fl,potterhockey,"Sooo how do you end an already stressful day? Turning on the oven to find that your hubby put a dirty cookie sheet WITH PLASTIC ITEMS ON IT in the oven. Yep. I have melted scissors, spatula (MY FAVORITE ONE) &amp; a new knife. My house smells of melted plastic and we had pizza rolls. https://t.co/XDksfnCsyM",2019-08-20T23:20:00Z
seminole_fl,RafaelV90,I‚Äôm done carrying all this pain inside me. Let‚Äôs create a new universe.,2019-08-24T14:09:00Z
seminole_fl,Ranzaaa_,this drive to tally gon kill me man,2019-08-27T03:20:00Z
seminole_fl,ryan_kyler_,@BrotherNature he gonna shoot his pee pee off,2019-08-18T23:09:00Z
seminole_fl,Shannonlovespet,"The Guy in Winter Park,Fl who put a bunch of threats about shooting up Walmart. A loser some white nazi or something stupid. Lived two houses down from me! Cops went in and got a bunch of guns in house outta jail do they have to wait for him to do something?!",2019-08-19T22:52:00Z
seminole_fl,ShannyGasm,@Kyle8315 Take you out for doughnuts!!,2019-08-12T00:45:00Z
seminole_fl,ShannyGasm,@astroeric12 I'll let predictive text answer for me: I'd take you out for a while to get the best results from this article and I don't think I nerded anything else about how to use it like that in a couple hours or something.,2019-08-12T00:55:00Z
seminole_fl,ShannyGasm,@CondorDM How hard is it going to hurt when you discover how insanely wrong you are?,2019-08-19T12:41:00Z
seminole_fl,ShannyGasm,"@pleeztryharder @JacoFanboy @_SuzanneReed_ @SaxMike71 @CAsaysIMPEACH @BeckyBunzy @jlhbrain Yes, why? I'm literally going to a 90s themed party tomorrow night and have no idea what to wear besides plaid flannel. I blacked out that fashion part of my brain.",2019-08-24T03:55:00Z
seminole_fl,tabatha_sams,i HATE fighting with my bestie. i wanna tell him some shit sooooo bad but i told his dumbass to leave me alone and guess what this mf did.... HE LISTENED. never listened before but now he heard me üôÑü§¶üèº‚Äç‚ôÄÔ∏è,2019-08-27T02:56:00Z
seminole_fl,tcal1961,"@PeterOteca @TamiDaBushPilot @shashigette I admit I‚Äôm a bit older, but I went to a Hifh School with 3,000 kids in the Chicago suburbs, and guys used to drive to school with their shotguns &amp; rifles in their gun racks. No problems. They also used to have shooting and archery classes too.",2019-08-17T17:23:00Z
seminole_fl,tcal1961,@RantyAmyCurtis But they don't strap bombs on them though.,2019-08-26T12:21:00Z
seminole_fl,teresa82360646,@Ilhan Antifa is domestic terrorism!!!,2019-08-22T22:55:00Z
seminole_fl,TheBurkeShow,"I‚Äôm all for helping our fellow man, I just don‚Äôt think it should happen at gunpoint. Tax dollars cannot solve all the world‚Äôs ills. https://t.co/vJidUqZPUN",2019-08-19T02:31:00Z
seminole_fl,therealsampilon,Hey @apkarthistory so remember this time last year when I got between a drive by shooting. Well just my luck! not even a mile away from that location I got into a 3 way car accident today.,2019-08-28T01:39:00Z
seminole_fl,Timexdistance2,After that its safe to say that im definitely in an abusive relationship. Haha fml.,2019-08-23T14:33:00Z
seminole_fl,TitoLounge_,@XLGALAXY21 Finna get murdered for saying that LMAO üòÇüòÇ,2019-08-25T01:56:00Z
seminole_fl,TyChxbbs,@rage_beast12 @xannyhoes Itachi can‚Äôt even make a full susano and minato and teleport full nine tail tailed beast bombs,2019-08-15T08:17:00Z
seminole_fl,Without_a_cause,Fr tho her situation is a recipe for a school shooter ü§¶üèæ‚Äç‚ôÇÔ∏è ‚ÄúIts just me and him and its always been like that‚Äù... jit a terrorist for sure https://t.co/oljhgzWun8,2019-08-23T00:22:00Z
seminole_fl,yipi_csgo,@ELEAGUETV @damnjoeshere @twin_csgo crimz when he gas bomb,2019-08-27T06:31:00Z