district,screen_name,text,created_at,status_id,user_id
hobbs_nm,Cpt_Martinez,You have gotta be the dumbest Bitch I knowü§¶üèª‚Äç‚ôÇÔ∏è and I hardly ever call a girl bitch but you are one so ya.,2017-12-08T17:27:20Z,939184635245924352,528283889
hobbs_nm,SchnaubertM,"@petehudson101 Man he needs his ass kicked! No respect, he‚Äôs one of the worst that reports FAKE NEWS",2017-12-12T18:31:33Z,940650347193864192,875516165367488512
hobbs_nm,MayraWestAf,Nolen is about to give me a heart attack man he will not let me finish this exam I'm gonna have a mental breakdown üò©,2017-12-13T01:00:38Z,940748261866049536,607689813
hobbs_nm,Ramy529,Catch me dropping out and selling drugs just to pay for twitter #NetNeutrality,2017-12-14T19:28:37Z,941389484612087808,632490862
hobbs_nm,RicardoNino2,G Eazy fucking murdered his album. Don‚Äôt @ me. I don‚Äôt wanna hear it,2017-12-15T07:06:49Z,941565190067417088,377200953
hobbs_nm,ReginaldDerrett,"Tupac Murder Weapon Was Found, Current Location a Mystery via @TMZ https://t.co/cfhpHwQ47m https://t.co/GpSJEqiEW8",2017-12-15T15:11:56Z,941687272734449664,705605603549442048
hobbs_nm,_AnnaMarie_11,I literally thought I was going to die yesterday from how awful I felt,2017-12-15T18:19:56Z,941734585133600768,1173383594
hobbs_nm,krqe_headlines,Student in Hobbs High School shooting hoax may face charges https://t.co/hJuCNaeGbR,2017-12-19T13:02:29Z,943104247335477249,23103045
hobbs_nm,ABQJournal,Student in Hobbs High School shooting hoax may face charges https://t.co/RxkrPiyRaG https://t.co/IK5YCXgbBI,2017-12-19T16:22:02Z,943154466378997762,14385076
hobbs_nm,TLNAlbuquerque,Student in Hobbs High School shooting hoax may face charges https://t.co/SbBhxaLoTP,2017-12-19T16:41:36Z,943159390516887552,4363148734
hobbs_nm,ABQJournal,Student in Hobbs High School shooting hoax may face charges https://t.co/x2LaW1SkRq https://t.co/3Do0CDfgwf,2017-12-19T16:51:47Z,943161954289545218,14385076
hobbs_nm,chimerakim,Student in Hobbs High School shooting hoax may face charges https://t.co/5HqEbuE9P4 #abq via @abqjournal,2017-12-19T17:08:32Z,943166170341011458,44175232
hobbs_nm,KUNMnews,"Student In Hobbs High School Shooting Hoax May Face Charges, Pam Grier To Appear At NM Film Fest https://t.co/sUyUK1myho",2017-12-19T17:04:31Z,943165158855139328,28838793
hobbs_nm,BIGDADDY197569,Please support my GoFundMe campaign: https://t.co/K4uR1ksjEw @gofundme please help me in my grandma https://t.co/L1XcWBhZRV,2017-12-19T17:17:27Z,943168412917825536,120627867
hobbs_nm,ABQJournal,Student in Hobbs High School shooting hoax may face charges https://t.co/YIAN4Hl8YT https://t.co/JZS9aAstc6,2017-12-19T19:47:03Z,943206060655030272,14385076
hobbs_nm,goddessofnap,@poppyhoweII i‚Äôm going to call the police,2017-12-20T17:53:40Z,943539916629299201,2861251964
hobbs_nm,Karennnn_15,@ThatGuyCaleb_ I‚Äôm calling the police,2017-12-21T02:19:36Z,943667238896324608,1499020418
hobbs_nm,tyrarenae_,Hobbs is toxic,2017-12-21T14:52:55Z,943856813929140224,3058675496
hobbs_nm,PennjrJr,They be like franko when you make it I want so and so but where were you when I was shooting in the gym?,2017-12-29T18:57:37Z,946817500582424576,780342084
hobbs_nm,HobbsPolice,"MEDIA RELEASE

January 8, 2018

*****Update to Shooting on December 27, 2017******
 On January 7, 2018 Detectives... https://t.co/XiY41888BO",2018-01-08T22:56:31Z,950501500119379968,72683950
hobbs_nm,WGXAnews,Rosa Taylor Elementary holds meeting for parents after student brings loaded gun to school https://t.co/vmQ9pwCECn,2018-01-12T02:48:18Z,951646994627530755,1511639706
hobbs_nm,kattt98_,"okay period I get it I‚Äôm not pregnant, can you please go away now üò≠üò≠",2018-01-12T04:54:46Z,951678819441799169,157202436
hobbs_nm,ChipChilders33,When I was in 4th grade I told my teacher if she didn‚Äôt let me go to playday that I‚Äôd kill her. So I got sent to the office and got spanked,2018-01-12T21:00:14Z,951921786257633282,796512465928462336
hobbs_nm,ChipChilders33,Lordy if people hate America so much then do us all a favor and leave or stop bitchin ü§¶üèº‚Äç‚ôÄÔ∏èü§¶üèº‚Äç‚ôÄÔ∏èü§¶üèº‚Äç‚ôÄÔ∏è,2018-01-13T16:34:13Z,952217227956236289,796512465928462336
hobbs_nm,robbyrobtt,"@_bryceflores Tellm about that bomb a** taco truck, he‚Äôs gonna Need a good meal for the sadness",2018-01-18T15:42:34Z,954016171950526464,510789227
hobbs_nm,svhernandez,Jefferson Elementary School no longer on lockdown. Officers are notifying neighbors of the change in situation.,2018-01-18T21:00:07Z,954096085211009027,55434814
hobbs_nm,svhernandez,Jefferson Elementary School no longer on lockdown. Officers are notifying neighbors of the change in situation.,2018-01-18T20:56:14Z,954095107065765893,55434814
hobbs_nm,WBAY,The situation on Shea Ave. in Green Bay has ended and the Jefferson Elementary lock down is lifted: https://t.co/VCdxS9Fpi7,2018-01-18T21:07:47Z,954098014674718721,25371684
hobbs_nm,svhernandez,Jefferson Elementary School no longer on lockdown. Officers are notifying neighbors of the change in situation.,2018-01-18T21:00:07Z,954096085211009027,55434814
hobbs_nm,svhernandez,Jefferson Elementary School no longer on lockdown. Officers are notifying neighbors of the change in situation.,2018-01-18T20:56:14Z,954095107065765893,55434814
hobbs_nm,JoplinNewsFirst,"(64801) ‚Äî Public is not in danger. The Jefferson Elementary School is not on lockdown. 

This is a routine... https://t.co/GT0nOTCUY0",2018-01-19T21:20:32Z,954463611535155202,828304843085381633
hobbs_nm,MikeNitzel,The Kentucky school shooting is now the 12th story on the @CNN website. #NewNormal,2018-01-24T06:10:54Z,956046634269466625,389872342
hobbs_nm,Kimberly69_,"Tru love never dies , but it can kill you",2018-01-27T02:10:30Z,957073296075509767,626973377
hobbs_nm,Kiiirsten_C,I cut my leg so bad in the shower tonight and it looked like someone got murdered in there üòÇ,2018-01-28T01:56:09Z,957432074776047616,478066647
hobbs_nm,Destiiny03,@samuel_lozano3 Shooting,2018-01-28T03:13:44Z,957451599705645056,4618456514
hobbs_nm,KaylaAnaleigh,Lotus Flower Bomb will forever be my favorite,2018-02-12T05:26:53Z,962920925502033920,2890885039
hobbs_nm,jeffrey_poe,@JRuiz2444 Kobe raped a girl ü§∑üèª‚Äç‚ôÇÔ∏èü§ß,2018-02-21T05:14:18Z,966179250444341248,463354590
hobbs_nm,erich_davis,La Cueva High School students demand changes to gun laws https://t.co/95e9gVdp7q #abq via @abqjournal,2018-02-21T21:07:59Z,966419252558422017,423191030
hobbs_nm,Isabel_Ramirezx,This whole school shooting threat is ridiculous.,2018-02-23T16:38:22Z,967076177264377856,1447900681
hobbs_nm,Ron02069115,"@CarleyShimkus @DICKS 99% of the population being directed by 1% , if they can go to war .. they should be able to go to the gun store ..",2018-03-02T00:17:25Z,969366028768763906,778949195176837121
hobbs_nm,KSBY,"Police standoff prompts lockdown of Taylor Elementary School in #SantaMaria
https://t.co/z67zWoUMwp",2018-03-02T19:00:30Z,969648660438048781,25183700
hobbs_nm,Taylorl1219,Dukes gonna kill them,2018-03-10T02:36:33Z,972300142693904386,342262494
hobbs_nm,beast94,Hope l don't feel like l have to murder a nigga witness it but never act like u heard of a nigga Grrrr..,2018-03-16T20:39:47Z,974747077535260673,49459448
hobbs_nm,leacountydems1,Austin bomb suspect blows self up during police confrontation https://t.co/wPXM6Mz9IM via @nbcnews,2018-03-21T10:42:50Z,976408786511585280,3148943426
hobbs_nm,jesmtlsd,"We‚Äôre getting some plants ready for the garden! (Winter, please go away). Thank you to the JES PTA for helping us plant this week! #leboproud of these gardeners @LetsMovePGH https://t.co/vR01GgKaUq",2018-03-21T22:17:24Z,976583583149289472,3417487011
hobbs_nm,dollie_bri,Trying not to have a mental breakdown atmüòÖ,2018-03-22T04:36:51Z,976679072679038976,854556618184417280
hobbs_nm,teehattt,@hotandhumid definitely! I‚Äôm terrified of the first time something big does but also tired of paying my landlords mortgage haha,2018-03-23T12:10:11Z,977155544631922688,363916796
hobbs_nm,cyberputa,Also bring a gun with you and shoot me,2018-03-26T00:36:41Z,978068184522739712,4324826241
hobbs_nm,KaylaDe96026109,I do not want to sing again cause their is a lot of shooting going on right by my house https://t.co/SjmRZaXLvd,2018-03-27T07:16:29Z,978531185201762304,908824527962034178
hobbs_nm,chaoscomic,"@SketchieGames @LouisUtcfp @OliverMcGee @RyanAFournier Jan. 10
Coronado Elementary, Sierra Vista, Ariz.
Student committed suicide in bathroom. No other injuries.  A very tragic event but again not a school shooting",2018-03-28T14:51:25Z,979008062441902081,34097243
hobbs_nm,wobm,"Unknown males reportedly threaten to ""shoot up"" Clark Mills School in Manalapan: Manalapan Police are investigating social media threats made against Clark Mills Elementary School over the last week. Continue reading‚Ä¶ https://t.co/96Zc1fgbrD https://t.co/TG6l2z28NZ",2018-03-29T11:25:01Z,979318507618779136,29407355
hobbs_nm,JRuiz2444,@jahernandez0218 @jeffrey_poe We just got a sniper dub without you. You‚Äôre the weakest link,2018-03-30T23:02:52Z,979856513832452097,608855108
hobbs_nm,catalinaarios,Y‚Äôall ever bend so stress you have a mental breakdown at school lmao fuck,2018-04-06T15:36:56Z,982281004843806721,880869118018109440
hobbs_nm,T_Mulherin,"Another bomb, this one three runs. Mr. Kendrys Morales, oppo. Hamels not looking good at all right now",2018-04-08T19:15:16Z,983060729430528000,888074652
hobbs_nm,S_manthaaa,I just made some BOMB grilled chicken üòãüòã,2018-04-10T03:44:37Z,983551295947763712,2788253149
hobbs_nm,SMichelleH,My cat is so sweet and amazing.... until she gets possessed by Hades and actually tries to murder me.üôÉ,2018-04-14T04:34:35Z,985013421686120449,752622530893012993
hobbs_nm,SMichelleH,"Correction.... my cat is actually Keres, the goddess of violent death. She may actually murder me one day but she‚Äôs just so gosh darn cute.ü§∑üèº‚Äç‚ôÄÔ∏è",2018-04-14T04:37:03Z,985014044980600832,752622530893012993
hobbs_nm,JPrincePhysed,@RArmstrongPE @JoeMcCarthy09 @MrRoosPE @SchleiderJustin @MikeMorrisPE @minnesotalynx That‚Äôs awesome Joe! I‚Äôm down for that shooting challenge.,2018-04-15T03:07:50Z,985353981928132608,513606285
hobbs_nm,yungmasedgod,all i saw was y‚Äôall talking some mad shit about giannis and y‚Äôall didn‚Äôt tell me he dropped 35/13/7 on 50+% shooting,2018-04-15T22:25:42Z,985645368707813381,2259700440
hobbs_nm,Calm_RoseIII,@wavyjok @Your_Apocolypse Jaiden I swear on my life I‚Äôll spank you if leak anything else,2018-04-17T17:33:50Z,986296689928622082,626102229
hobbs_nm,DaddyRodge_,"Man, I remember throwing some of the wildest parties in HS. Two of them I blacked out and the other two got busted by the cops. All four times my mom came home within the next couple days and laid down the law..",2018-04-21T16:21:02Z,987727923590418433,377696171
hobbs_nm,dayygo100,"Sniper gang rah, rah!",2018-04-26T00:35:46Z,989301976218284033,975519087534096385
hobbs_nm,fwt1776,@KayaJones No ones ever been able to coherently explain how the systematic killing of an unborn human child ( known as abortion) is ‚Äúhealth care‚Äù. PPH is facilitating brutal mass murder. Period.,2018-05-08T04:04:05Z,993703058508079104,787741479716388864
hobbs_nm,serverunicorn,@BrittneyNKelly I have always liked crime documentaries! I've been watching When Murder Calls here recently. I suggest giving it a watch.,2018-05-09T01:42:34Z,994029829522534400,145160242
flagler_fl,SheriffRicStaly,Lethal doses of heroin are circulating in Flagler County. Don't become a victim of an overdose. Turn in the heroin to the Sheriff's Office no questions asked. Send tips to TIPS@flaglersheriff.com or call Crime Stoppers. https://t.co/aV9TO4KP0m,2018-05-10T00:16:59Z,994370682707501056,3528633316
flagler_fl,Lucy18879177,@ronnikun UR GONNA KILL ME WITH THESE HORRID PUNS!! HOLY SHIIIIIIIIT!!,2018-05-12T14:14:03Z,995306112357425152,992194688072519680
flagler_fl,vja3000,"1st, let's give recognition to @TheDemocrats for their help in raising the kind of young person that will do such things as shoot inside a school without any moral concerns. 2nd, let's strip @TheDemocrats of being able to do this going forward. Problem solved...",2018-05-18T21:12:07Z,997585649791393792,834063453627219969
hobbs_nm,carlyrenee15,@_alyssaelenaaa I don‚Äôt remember anything üò© I was so mad at you I just wanted to kill you lmao,2018-05-20T03:24:41Z,998041796507824129,2818319449
hobbs_nm,geraldbryant536,"@RWPUSA @JoyAnnReid Go climb back we‚Äôre you came from, worry about your own state. Banning guns will not stop anything, they will find something else to use. People are so ignorant he was making bombs to.",2018-05-20T04:16:21Z,998054799479398401,874262357928792064
hobbs_nm,dessgar_,these last few days at school are gonna kill me before i get out üò©,2018-05-21T20:42:20Z,998665316870819841,3008773998
flagler_fl,PatrioticChic,"@illpoetic @NYDailyNews If you only heard those types of comments about school shooter Cruz-you need to find better sources for info. Or maybe it‚Äôs your own bias, clouding your views. In this case as well as school shootings- the perpetrator(s) are Evil, Lawless Criminals",2018-05-22T17:17:53Z,998976254975111168,3089894385
flagler_fl,ShaunECarter,"Another school shooting. Praying for Indiana. 
üò°üò°üò°",2018-05-25T14:33:43Z,1000022101477220353,282654186
hobbs_nm,ScottLeeCupp,ANOTHER school shooting. What is this timeline coming to?  Monitoring gun sales is nor enough when OWNERS ARE IRRESPONSIBLE!!!,2018-05-25T21:05:09Z,1000120608527671296,4917571170
flagler_fl,antiquetrucker,"Once again, the topic of responsible gun ownership raises it's head. How does a middle school student get hold of two handguns?.... Gun control starts at home!!!",2018-05-26T05:11:20Z,1000242961974743040,414070513
flagler_fl,AliyahRenee_,Wow I forgot to put on deodorant (this is becoming very commonü§∑üèæ‚Äç‚ôÄÔ∏èü§£) and out of curiosity I smelled my pits to see if I‚Äôve been killing ppl all day and there was NO smell. Like at all. I‚Äôm blaming this on completely cutting meat out of my diet. I never use to be like this.,2018-06-02T23:24:59Z,1003054904808738817,326559235
flagler_fl,SOSA_CB_,@Jamario44 @kris_nation @champagnedel @rahooIigan @Jforest__ Nahhh if I pass the ball to you with 2-4 seconds left and you have to chuck the shot up if it goes in it‚Äôs good for me because I get the assist but I set you up for failure to boost my stat https://t.co/WMgf068Usc,2018-06-03T05:05:51Z,1003140683849453569,545540710
hobbs_nm,Dansoffthewall,"At the end of the day tho, all I ever did was be there for her when absolutely no one else wanted to be. And I still get pushed to the side like I‚Äôm nothing. Karma remembers shit like that.",2018-06-10T16:00:51Z,1005842237572476928,378927988
flagler_fl,bosstime2009,@Kerry2021 @mitchellvii I didn't know he was raped!,2018-06-11T02:52:58Z,1006006348973334529,38052090
katy_tx,Pinche_Whiteboy,"I‚Äôve kept quiet about everything regarding Adam. I left his band to focus on myself more. 
At one point, I didn‚Äôt hit him up for 2 weeks. That was my fault. At the same time, 2 of my friends were threatening to kill themselves.",2019-07-29T22:34:21Z,1155969839455850497,1086693819544989696
katy_tx,valkyries_queen,I shouldn‚Äôt have changed my layout I‚Äôm gonna kill myself,2019-07-28T07:35:36Z,1155381273545678848,943987590545530886
katy_tx,valkyries_queen,@MCU_Direct If I see one more comment calling Valkyrie a lesbian I‚Äôm going to KILL ALL OF YOU. MY GIRL IS BISEXUAL AND IF YOU DONT SHUT UP RN,2019-07-22T07:04:39Z,1153199158968246272,943987590545530886
katy_tx,valkyries_queen,my dad is so racist I‚Äôm gonna kill my self,2019-07-28T00:33:21Z,1155275011503996928,943987590545530886
katy_tx,valkyries_queen,I‚Äôm gonna kill my dad,2019-07-28T00:33:10Z,1155274963969949697,943987590545530886
katy_tx,valkyries_queen,nick if you dont fall in love with jess again im gonna kill you,2019-07-29T23:31:01Z,1155984100534054912,943987590545530886
katy_tx,kayahnuh,"I‚Äôm mad at the whole city of Dallas and anybody from there, cuz w Texas being the most lenient state on Gun Laws......y‚Äôall did y‚Äôall thing once w JFK (shouldn‚Äôt have tho, he was fine) BUT CANT DO IT W TRUMP?",2019-07-14T20:14:20Z,1150498784121688064,1219604017
katy_tx,slaguerre3,"this math in elementary class is about to kill me this summer, but I‚Äôm determined to pass it with a B ‚ÄºÔ∏è",2019-07-07T21:23:24Z,1147979453529841665,1032854543598538752
katy_tx,shreyagupta_,@pringledahiya I‚Äôm gonna kill u,2019-07-18T16:39:35Z,1151894293285658624,3013706588
katy_tx,vlad6benz,@KevinC01509039 Most definitely I gotta lose some weight or this heat is gonna kill me! Lol!! Alaska was over 90 degrees yesterday broke all records,2019-07-05T19:35:19Z,1147227476290093056,46534261
katy_tx,Riverdeboz,"@Jerblaine Notice how he loses it when a woman laughs. 

Proof yet again. A man is afraid that women will laugh at him. 

A woman is afraid a man will kill her. 

This guy can‚Äôt contain his hatred of women because he can‚Äôt get laid. Therefore all women are bitches and need to STFU. #scary",2019-07-11T02:02:59Z,1149136973224992768,22789257
katy_tx,jasmine_thelove,@RachaelCooke13 @HomeFriedCaniac @MrsCruise1 @UnplannedMovie @LilaGraceRose @LiveAction As long as there is an exception for rape and women at risk I agree.,2019-07-12T18:19:42Z,1149745160231800832,760319979413569536
katy_tx,chris11fisher,@Henry_Pwono @B_Reeves04 You ain‚Äôt know when he was gonna shoot huh üòÇ,2019-07-24T10:54:43Z,1153981833723502593,273046054
katy_tx,thecIutchcity,This dude really gonna kill himself over twitter,2019-07-23T18:05:12Z,1153727777692164096,1111470093014310913
katy_tx,BlackTexanJesus,@Sommervillejr @Tatherley Imma have to ask you to respectfully delete this post. Or imma call the cops,2019-07-07T20:05:21Z,1147959810031329282,4371482774
katy_tx,easybreezy2001,"if you have a gun in your house (home) for protection why on earth would you lock it up? i personally want my gun(s) ready and available at a moments notice, otherwise why have a gun at all. https://t.co/ea5SP2VVTU",2019-07-06T14:28:41Z,1147512695798870017,250207658
katy_tx,drunkodin,"@emrazz Proof? @emrazz raped me, she forced herself onto me, ran her hand up my leg. Cuped my dong. I tried to get away, i tried to fight back. But she forced herself into me...butt. You all should fucking care",2019-07-05T12:33:04Z,1147121215514927107,868261665950674948
katy_tx,drunkodin,@KEEMSTAR @peta Cats fine stop bitching. How many heathly animals does @peta murder each week,2019-07-19T23:48:18Z,1152364573145497600,868261665950674948
katy_tx,BrettAshburn,"I just found out that the man murdered in this article was a long time friend who had fallen on hard times. Rest in peace Micheal Haney, a.k.a. ‚ÄúSpike‚Äù. You may be gone but not forgotten https://t.co/TiBAJlscMY",2019-07-06T16:38:45Z,1147545430152101889,827601149368926209
katy_tx,_MattGuerra,@WWE @WWERomanReigns Attempted murder,2019-07-31T11:09:46Z,1156522335421247488,891445573743771648
katy_tx,JellyJam_24,"He screamed at me about how they were documented and legal and I really wanted to scream back but I didn‚Äôt üòî sure, they were ‚Äúdocumented‚Äù after they came over here and murdered people for their land, set up a town and started life. But poor families trying to come to America",2019-07-05T06:38:22Z,1147031950458261504,2584362138
katy_tx,IvetteRios2_26,@chellegabe01 @melleah06 I know! He is coming for Fezco and he's gonna have to kill him! Ay! I hope Rue doesn't go back to drugs.,2019-07-30T21:04:12Z,1156309541157560322,467112681
katy_tx,ComradeDarren1,The death penalty does have a place here in America. But you brown jihadists need to shut up &amp; die like your jihadist friends did. America needs to be more fearful of Goat fucking terrorist loving race baiting communist racists like Omar. https://t.co/nCvcZHKMJR,2019-07-26T13:19:27Z,1154743030215249920,1021524305518182401
katy_tx,ChaseBurnett8,@CedReed_DE @Tamara_Mariaa @DaChosen1___ Dylan roof also complied with police when they found him (Even though personally I thought they should‚Äôve put a bullet in roof),2019-08-01T12:31:09Z,1156905203934879744,1573389650
katy_tx,erin_mck_ohara,@GonzalezMicah bro all i did was threaten to kill you????,2019-07-22T21:42:41Z,1153420121043587072,843651668629766146
katy_tx,kyotoamatsukami,i‚Äôm gonna kill myself,2019-07-25T02:00:38Z,1154209812336578560,771013232181948416
katy_tx,killak2104,Fuck this school district. Fuck poor shaming. How damn hard is it just to be a decent human?? https://t.co/xUrDC2kHo4,2019-07-24T23:13:16Z,1154167693882384384,78816504
katy_tx,CoachAllred1,"She had the nerve to ignore me completely and TRIED to walk away from me... SOOOOO, of course, I left everything and followed her into the parking lot as I was calling the police (because of course somebody's about to go to jail... not sure who at this point though, her or me).",2019-07-04T19:43:27Z,1146867134493908993,765265854850211840
katy_tx,EasyOperator,@gethoht @SBANYPD Are you going to shoot it out of your vagina?,2019-07-25T22:44:15Z,1154522779569385472,1046183981740371969
katy_tx,Past2Present,Happy Fourth of July. https://t.co/9XwCo6SUf9,2019-07-04T13:36:15Z,1146774728214007812,989930336204345346
katy_tx,ohwell_janell,"anybody who wore MAGA hats yesterday, I hope a firework shot up your a** because even that pain doesn‚Äôt even slightly describe how the innocent people in the camps feel.",2019-07-06T03:23:38Z,1147345334198329350,852973974
katy_tx,_Kyle7,I read 1st day of school and my vibe was shot https://t.co/GvGVrkpOze,2019-07-29T03:50:03Z,1155686902445613057,2733311334
katy_tx,KingHusamE,@anarchist_black @IamJacism @D4MURE They set her up to get raped apparently,2019-07-24T02:23:02Z,1153853062106243072,509500724
katy_tx,SheeshCP,Man old heads at the gym the WORST! Boys quick to throw an elbow but let you say something or foul back and they goin start a riot. This shit be killing me and if you‚Äôve ever hooped w me you know I‚Äôm annoying AS FUCK on the court. https://t.co/aPqZ8gVyRc,2019-07-22T14:28:27Z,1153310843305635840,1037901816598540288
katy_tx,ashlei_nicole__,"nobody: 

when a minor inconvenience hits and causes me to spiral into a mental breakdown that I later on realize was dramatic: https://t.co/Ps3sHOJJZV",2019-08-01T07:10:55Z,1156824613948706817,3011699288
katy_tx,DPyfferoen,@LogSchell @thehill Watching bombs and pounding Labatt Blue beers to our hearts content. I‚Äôm in!,2019-07-15T22:58:01Z,1150902365509292032,3309792548
katy_tx,currently_vexed,"poem #4:
(Fuckity, fuck, fuck)

GUESS WHO GETS
NO FUCKING RIGHTS
MY DAD THAT'S WHO
I'M GONNA START A FIGHT 

THIS FUCKING MAN 
IS ON MY NERVES
I'M GOING TO DIE 
AND NOBODY CARES

ALL I WANT 
IS SOME FUCKING SLEEP
BUT I'M KEPT 
FROM COUNTING SOME FUCKING SHEEP",2019-07-08T18:45:35Z,1148302122993119232,1017850820434518016
katy_tx,poison_ivey1998,FUU WHO IS ABOUT TO BE RAPED (NOT LITERALLY) BY THE AKATSUKI CALLED KAKUZU HER FUCKING SENPAI BITCH WTF HE TRYNA TAKE YOUR TAILED BEAST AND KILL YOU! FUCKING DUMBASS BITCH!,2019-07-31T01:13:50Z,1156372361807110145,3744104180
katy_tx,estefaniaday,touch my daughter and I stg I‚Äôll put you in jail where you‚Äôll be raped in your ass üò§ https://t.co/lzRR00RohY,2019-07-26T22:58:25Z,1154888733352763392,1073628750846328833
katy_tx,Dom22_1,‚ÄúHope I didn‚Äôt just kill him...‚Äù it‚Äôs never just been about one race üíî https://t.co/bFe86FhRom,2019-08-01T09:28:14Z,1156859169288466433,2341006628
katy_tx,Lewis_Nathann,That mf gon kill YOU https://t.co/80DRa6yWN2,2019-07-21T04:35:24Z,1152799210984493056,161466376
katy_tx,spacecity4life,@TheJ_Miles The ‚ÄúHe‚Äôs got a Gun‚Äù Vol. 1‚Äôs .. blood drops on canvas extra $50.,2019-07-04T20:30:08Z,1146878885117800448,965655334319804417
katy_tx,_ericuhh_,"@reklawykS_riS Right? They threatened to tow me from my own spot lol 

The thing is I‚Äôm such a ‚Äúit‚Äôs no big deal‚Äù type that if they never threatened me I probably wouldn‚Äôt have towed them considering they maybe just needed a spot and I don‚Äôt use it constantly lol",2019-07-21T18:14:39Z,1153005383679541254,2350523311
katy_tx,IkeBrownFAMU,"@K_Teeney ‚ÄúHope this indecent proposal make ya do something with me‚Äù
Boy he was wild. Was my favorite rapper until he raped.",2019-07-27T08:02:03Z,1155025544196628480,1553640037
katy_tx,Kingnickrusso,The Rockets are gonna shoot way more shots this coming year.,2019-07-12T00:47:20Z,1149480323589103616,156116115
katy_tx,TheFenixxer,@SGJaY0 @djoats02 https://t.co/qj8d7KBu8Z,2019-07-18T20:06:23Z,1151946338566848513,3220721814
katy_tx,TheFenixxer,"@FOX26Houston Remember kids, when you‚Äôre running from the shooter and you feel a strong hit on your backpack just drop on the floor while looking at the floor and don‚Äôt move.",2019-07-26T23:57:47Z,1154903674235179008,3220721814
katy_tx,Houston_53,"@LenaSpringer It‚Äôs not about guns, it‚Äôs about people. Could have been a car/truck mowing folks down... Could have been a bomb... Could have been a machete.",2019-07-30T01:20:40Z,1156011693912162304,15514875
katy_tx,attackablee,@Eclyypse weirdo you stalking me?,2019-07-26T18:27:56Z,1154820664873902080,4290129866
katy_tx,DatBoiDrew_12,@gabyyrodz @malalunafest @JuiceWorlddd @trippieredd Put a bullet in yo Afro awwwwh!,2019-07-15T17:17:54Z,1150816772704145413,323369552
katy_tx,msksq,"I will take your baby! And I won't say your name, we can keep it 100% quiet, and people will know we adopted from a loving individual that wanted a great home for their baby! 

Being arrested for neglect of a 4... https://t.co/aZ9Cy5gY4O",2019-07-27T01:00:45Z,1154919521209257984,42621136
katy_tx,katy77539,@emicrystal @TheJusticeDept When raped it's a different ball game or incest for that matter.,2019-07-26T05:18:20Z,1154621952750948352,896535304005443584
katy_tx,_suheyyyy,Bruh he fucken mena mugged my cousin yesterday! I would tell him to bring me another drink and I saw when he looked at him like who tf is this dude. So I was quick to say that‚Äôs my other cousin you don‚Äôt know him. Oh yeah I‚Äôve only seen hi around,2019-07-10T05:31:29Z,1148827056131780608,453445382
katy_tx,avtistrv,i‚Äôm gonna shoot myself today is the day and i hate hwy 6,2019-07-18T19:44:09Z,1151940742367125504,844325336154279936
katy_tx,kswood43,@KPRC2 She doesn‚Äôt want to get murdered.,2019-07-12T03:12:22Z,1149516822674231296,192282690
katy_tx,its_briannahyo,"I‚Äôm tired of school, shoot me pls",2019-07-30T16:42:45Z,1156243743923724289,490477901
katy_tx,MattyG361,@Jeramie_Marek @StevenGuajardo @barstoolsports @Starting9 @KrisGuerrero_ Red Exo got me some bombs. Last AB ever bombskie at @whataburger field,2019-07-09T02:28:26Z,1148418603823316993,259066637
katy_tx,kaylapbaker,if anyone has some deep evil revenge plot to kill me/get me killed then PLEASE HURRY UP WITH IT ALREADY,2019-07-20T00:59:56Z,1152382597223391238,2877358477
katy_tx,tory_brett,"@queersing You literally sicken me. I don‚Äôt care what you identify as.. I don‚Äôt have to agree with it. However, if you dislike this country so much that you feel the need to burn the flag, then JUST LEAVE. Like seriously.. GO. I applaud your maturity level... not. üôÑ #ProudToBeAnAmerican",2019-07-06T15:46:34Z,1147532298516123648,420856670
katy_tx,DuckyHeller,"Never heard of this shooting, wild 20+ years later and it's still this big of a problem that incidents like this just get forgotten in time https://t.co/rPXPD5elMv",2019-07-28T21:30:45Z,1155591447506292741,4351098252
katy_tx,EmilyKimmich,This level in Spyro is gonna kill me,2019-07-04T01:15:35Z,1146588332975173632,359121820
danville_va,LPDJNICK,Fuck THE POLICE,2019-08-31T04:35:48Z,1167657214166933504,74650529
danville_va,CashWRLD,Count your days https://t.co/4zrvwDSlcu,2019-09-10T21:37:07Z,1171538114294104064,251659615
seminole_fl,Niothera,"damn it feels so unsafe at the portables in my school, trigonometry teacher just told us to duck and get the hell out of the campus if a lockdown occurs",2019-08-13T20:02:40Z,1161367485259628547,898222546998439936
danville_va,LBL_Ceedy,I used to be so hurt like fuck this schoolüòÇüòÇüòÇ https://t.co/Dzau1naDAu,2019-09-07T12:04:29Z,1170306841848483840,901106805622919168
danville_va,ChuckVipperman,"@SarahLynn2390 @BetoORourke It's not murder if I am defending myself.

Your move, toots.",2019-08-31T23:26:03Z,1167941649256734727,345702074
danville_va,ChuckVipperman,@joepdore @BetoORourke It's not murder if I am defending my property.,2019-09-13T02:13:39Z,1172332482206654466,345702074
seminole_fl,alyssa_mcvicker,i don‚Äôt want to ride my bus anymore and i have a whole mental breakdown about it and i took a shower listening to introducing me by nick jonas and now i‚Äôm here,2019-08-13T00:43:48Z,1161075847635361792,715651644541771776
seminole_fl,Dannyjimmerado,@Samsora_ I‚Äôm calling the police,2019-08-18T23:14:47Z,1163227773055504387,556484563
seminole_fl,leah_beah3,"Brandon: I‚Äôm going to shoot myself. In the platonic way

Me: as opposed to what? The romantic way? 

Brandon: METAPHORICAL",2019-08-21T00:40:15Z,1163974056464539648,1108422715227164672
fairfield_oh,HawkeyeBrooke,@SykesCharlie I‚Äôm going to assume he‚Äôs a criminal there to intimidate people and call the police.,2019-09-24T14:34:36Z,1176505215123689474,182403730
fairfield_oh,HawkeyeBrooke,"Someone call the police. I was all in thinking it was a fruit pizza, but there is CHEESE on this. ü§¢ https://t.co/IZsYr6pQs9",2019-09-22T20:25:25Z,1175868725779718144,182403730
seminole_fl,Shannonlovespet,"The Guy in Winter Park,Fl who put a bunch of threats about shooting up Walmart. A loser some white nazi or something stupid. Lived two houses down from me! Cops went in and got a bunch of guns in house outta jail do they have to wait for him to do something?!",2019-08-19T22:52:35Z,1163584575630651392,419884378
danville_va,JMAL4LIFE,"These are facts‚Äº‚Äº‚Äº

 everytime @Sharkcity_Ave touch the stage,  he either 30 a nigga or it's a classic. It's time to take you out the best puncher talk and put you in the best at this shit conversation‚Äº https://t.co/wWb6YWAvZk",2019-09-18T19:38:07Z,1174407272224690177,506149789
danville_va,hey_ebie,"I'm pretty sure one can overdose on vitamin c, but it's a risk I'm willing to take. 

The back-to-school cold is the absolute worst. And let's face it, kids and proper disinfectant habits is a lost art, ESPECIALLY with their phones... https://t.co/rhcp7rdhyq",2019-09-05T03:01:48Z,1169445495690932225,17316061
fairfield_oh,MarkVSlaughter,"Aaaaaaaaand so much for that, I guess the Reds are going to shoot and share it, imagine that",2019-09-24T23:24:03Z,1176638457646653440,324039905
seminole_fl,gabylovesonic,@wildside7801 Oh okay I looked and there was an assault nearby the park I lived around 9Pm ummm.... yeah I‚Äôm scared,2019-08-20T05:46:33Z,1163688751165517829,1012060548014510080
seminole_fl,gabylovesonic,@Izuki67545946 I looked at the news and I saw nearby there was an assault so idk if they were searching for a man but it went on for an hour but I fell asleep eventually,2019-08-20T13:08:01Z,1163799852892995584,1012060548014510080
fairfield_oh,EdCarroll51,Willing to pay upwards to several chickens (some dead some alive) for this dog. https://t.co/6EobxbHU70,2019-09-26T15:18:21Z,1177240999917236225,972635358
danville_va,HonxhoD,@zayzway @rapgirlsroom Well if we being honest she murdered nicki on hot girl ü§∑üèΩ‚Äç‚ôÇÔ∏è,2019-09-01T15:42:42Z,1168187434401751042,1007885553507979265
danville_va,HonxhoD,@tequila_titi Lmfaoo ion get cheated on cause ion give niggas the time of day honey let me kno wen you got niggas saying they gon kill they self if youn take them back my pussy been up https://t.co/kTvDhOd6YX,2019-09-25T17:22:40Z,1176909898078150662,1007885553507979265
fairfield_oh,hirisk76,@LeBatardShow I'd be in jail/sued for sexual assault or beat up constantly,2019-09-13T16:33:05Z,1172548768614535168,57979655
danville_va,gizelariverad,wow i wanna kill them. wtf https://t.co/yE19uuGNUr,2019-09-24T14:46:56Z,1176508321068724225,1069328653266366464
seminole_fl,jagesteban,I‚Äôm talking about not funding murder! https://t.co/Jl9SkslSFL,2019-08-20T23:54:52Z,1163962637161570305,27690582
seminole_fl,jagesteban,It‚Äôs murder https://t.co/Un5AqHa5X7,2019-08-24T12:38:41Z,1165242020409020416,27690582
danville_va,yalss71,@jasontoddsmut And everyone in that situation just filming him getting stabbed really fucked me up in the head. Like NO ONE REALLY DIDNT DO SHIT,2019-09-20T03:40:43Z,1174891109790769152,854078797
seminole_fl,ryan_kyler_,@BrotherNature he gonna shoot his pee pee off,2019-08-18T23:09:59Z,1163226563778895872,1031957233725317121
seminole_fl,TheBurkeShow,"I‚Äôm all for helping our fellow man, I just don‚Äôt think it should happen at gunpoint. Tax dollars cannot solve all the world‚Äôs ills. https://t.co/vJidUqZPUN",2019-08-19T02:31:05Z,1163277172968214535,3295633316
danville_va,JuniorMontanaa,@shmurda434 Yeah shooting ass tho,2019-09-07T18:03:44Z,1170397254185865218,278204089
danville_va,lainemobleyy,@KurtisMiller98 otw to catch my first murder charge,2019-09-23T23:59:18Z,1176284938703900674,1075171108595384321
seminole_fl,diehlership,"@Stotttlemyer If you miss one, call the police to check on me",2019-08-20T12:26:23Z,1163789373218967552,232773149
seminole_fl,MrsBlunts,@doojimane I‚Äôll kill you,2019-08-20T03:09:18Z,1163649178972635137,3207568245
danville_va,PatrickHenryCC,"**THIS IS A DRILL** If you are on campus, please lock down until we give the all clear.",2019-09-10T14:19:21Z,1171427946877374464,18083272
seminole_fl,MichelleLong73,#AuroraTeagarden they are more concerned about the money than the MURDER!,2019-08-12T01:31:43Z,1160725519169662976,102548347
seminole_fl,hoodrichdavec,"@nowthisnews dude looks like a school shooter, weird ass fucking socks",2019-08-20T21:31:59Z,1163926678478962689,2886006232
fairfield_oh,briannnanicole4,Havent even been up for an hour &amp; im already about to kill someone,2019-09-26T12:56:24Z,1177205277109760003,2585835371
danville_va,donato_pacifico,@TheOnion If the Dems would just work with us I think we could bomb the Isaacasons.,2019-09-17T11:43:33Z,1173925453524021248,3989865934
danville_va,ttime72,@FuckTaj U gonna walk in the arena and ima be looking like this. That‚Äôs how u know u gonna instantly lose. I‚Äôll be like hold on babe I gotta burn this fool https://t.co/tSvGCQD7HL,2019-08-30T21:37:37Z,1167551975401185282,254658080
danville_va,ttime72,"If I ever murder anyone it‚Äôll be because of traffic related incident. Not even an actual accident. Example be if u cut me off and then we escalate and get out of our cars, and proceed run you over or pull with a rope tired to my card and by ur neck or some shit. Crazy inner rage",2019-09-13T16:24:22Z,1172546574091788288,254658080
danville_va,Bron_Gottii,It‚Äôs a active shooter in Danville ü§î,2019-08-27T15:21:36Z,1166370184254382082,937699274284044289
seminole_fl,AndyRobinette,@Katelynsaywut And Ted you know just raped and killed tons of women.,2019-08-15T01:04:53Z,1161805930964688896,533370436
seminole_fl,ehoffman81,@TheRealOJ32 Are you going to murder anyone with that golf club?,2019-08-20T02:46:07Z,1163643343731134466,68497445
danville_va,nayaalece,So this man followed me home today &amp; called the police on me ü§¶üèæ‚Äç‚ôÄÔ∏è,2019-09-25T00:34:02Z,1176656067411042304,1171195871519805441
danville_va,AunistyN,im so sick of this shit. https://t.co/Wy7ovKKjMm,2019-09-08T03:14:22Z,1170535822384386056,1104774872293695489
danville_va,iahn_walkerB,Watch out!  Andy might commit suicide by shooting himself in the back of his head! https://t.co/Edx3JXP1x3,2019-09-21T12:54:21Z,1175392824113684480,876964099661365253
danville_va,studtapmoney,My job is currently on lockdown because of the shooting on Keeling Drive. I hope they find him before he take more lives üòî,2019-08-27T15:41:42Z,1166375243214204930,285162268
seminole_fl,jjujulangkey,He was murdered. https://t.co/y7wieZcEsO,2019-08-17T04:06:35Z,1162576429781049344,1066535695089569793
seminole_fl,jjujulangkey,If you ride with Uber your life is in danger https://t.co/vp3qOEgdZh,2019-08-18T21:21:36Z,1163199289058877442,1066535695089569793
seminole_fl,jjujulangkey,#HongKongProtesters those damn #CHICOM will take you out . Be safe https://t.co/x4XyqrlY3F,2019-08-14T01:38:00Z,1161451877386637319,1066535695089569793
seminole_fl,pebdog5,@mollyfprince That‚Äôs going to hurt Israel üòÇüòÇüòÇüòÇ,2019-08-17T12:58:13Z,1162710220474343424,39825369
seminole_fl,pebdog5,@TheBabylonBee I believe one already exists. It‚Äôs called the Police. Get off your ass and do your job.,2019-08-21T12:24:14Z,1164151219893559297,39825369
danville_va,pathagas,@rylrat Are Nakota and Truesdal dead??? Are they gonna kill the others too!?!?,2019-09-05T16:26:17Z,1169647950844375040,3121557487
seminole_fl,KimVarghese,"""Today's Code Red Drill has Concluded"" ... how comforting :( #EnoughIsEnough",2019-08-20T14:13:40Z,1163816370359771143,317105374
danville_va,kmoezz,‚ÄúPlease Mr Synder.. we hate you‚Äù https://t.co/3j87a3iedp,2019-09-24T20:25:52Z,1176593614069207045,169275662
seminole_fl,tcal1961,@RantyAmyCurtis But they don't strap bombs on them though.,2019-08-26T12:21:52Z,1165962563634552833,278264122
seminole_fl,tcal1961,"@PeterOteca @TamiDaBushPilot @shashigette I admit I‚Äôm a bit older, but I went to a Hifh School with 3,000 kids in the Chicago suburbs, and guys used to drive to school with their shotguns &amp; rifles in their gun racks. No problems. 

They also used to have shooting and archery classes too.",2019-08-17T17:23:57Z,1162777094822277120,278264122
danville_va,zmelot18,@PastorMarkFnd @AB84 PRIESTS RAPE KIDS so A pastor is not helping his caseüòÇüòÇüò≠üò≠üò≠ ‚ÄúMan Of God‚Äù ü§£ü§£,2019-09-11T23:06:22Z,1171922965098827776,701962955307532288
seminole_fl,ShannyGasm,@CondorDM How hard is it going to hurt when you discover how insanely wrong you are?,2019-08-19T12:41:25Z,1163430771052425218,1025059973615763458
seminole_fl,ShannyGasm,@astroeric12 I'll let predictive text answer for me: I'd take you out for a while to get the best results from this article and I don't think I nerded anything else about how to use it like that in a couple hours or something.,2019-08-12T00:55:17Z,1160716350756724738,1025059973615763458
seminole_fl,ShannyGasm,@Kyle8315 Take you out for doughnuts!!,2019-08-12T00:45:01Z,1160713764032921601,1025059973615763458
seminole_fl,ShannyGasm,"@pleeztryharder @JacoFanboy @_SuzanneReed_ @SaxMike71 @CAsaysIMPEACH @BeckyBunzy @jlhbrain Yes, why? I'm literally going to a 90s themed party tomorrow night and have no idea what to wear besides plaid flannel. I blacked out that fashion part of my brain.",2019-08-24T03:55:01Z,1165110234525966341,1025059973615763458
seminole_fl,borrupted_,please don't get it mistaken. i'll kill you all if i have to.,2019-08-12T00:58:40Z,1160717202368159745,599436722
danville_va,lillianbescher,i have been at the beach all week and next week is going to kill me,2019-09-19T13:51:16Z,1174682371880357888,815598237696528384
seminole_fl,potterhockey,"Sooo how do you end an already stressful day? Turning on the oven to find that your hubby put a dirty cookie sheet WITH PLASTIC ITEMS ON IT in the oven. Yep. I have melted scissors, spatula (MY FAVORITE ONE) &amp; a new knife. My house smells of melted plastic and we had pizza rolls. https://t.co/XDksfnCsyM",2019-08-20T23:20:35Z,1163954006860980225,2991484121
seminole_fl,LightingFlynn,"@BadDAart @OOCWesternR34 For a moment, I though that she was getting stabbed on her feet",2019-08-14T18:06:34Z,1161700658006888448,1697624562
danville_va,PapiDpump_,Check out my murder man dance https://t.co/wEgk2Vsrsx,2019-09-07T14:49:42Z,1170348423784144896,941145393211027457
danville_va,bobbyallenroach,Woahhhhhhh @keaneofficial is about to kill me in the best way via that new musicccccc. #LoveTooMuch #NothingCanTakeThatAwayFromMe,2019-09-16T04:19:15Z,1173451253139030016,720821963489456129
fairfield_oh,Coach_Reho,Workouts are Tuesday and Wednesday after school. Friday morning is shooting. üèÄ,2019-09-29T20:09:06Z,1178401334502014982,3428845415
fairfield_oh,Hellscr333m,@sliderwave He starts off on the right foot by mentioning the facts of the aurora shooting but when he derails on to John Wick.... I think he's making the wrong fucking point and picking the wrong fight and it all sounds like whining.,2019-09-27T12:16:43Z,1177557681558687744,71830151
danville_va,DaREALBRATt_,mfs shooting again üò≠ reason why I stayed my ass in the crib tonight.,2019-09-22T04:48:00Z,1175632819114127361,1020709137955655681
danville_va,DaREALBRATt_,I HATE A FRIENDLY NIGGA ü§®,2019-09-09T04:37:07Z,1170919034315005952,1020709137955655681
fairfield_oh,alliepaige8,Had a customer come in bleeding through the back of his shirt because he was shot earlier today?? Like??,2019-09-14T02:48:58Z,1172703760444985349,1291957837
danville_va,qinyogirlsmouth,they was shooting bird shots shut up. https://t.co/2tztf9ge8C,2019-09-07T15:22:28Z,1170356668095483904,1539605778
fairfield_oh,mmbrandenburg,i could kill this bitch tbh. https://t.co/t1o0FwVn1J,2019-09-06T01:46:04Z,1169788825201192960,301035807
seminole_fl,No_x_o_x_Os,if jisung touched his hair istg I‚Äôm actually going to die Chan hair better be black and never see bleach for months https://t.co/vovPmqReZ7,2019-08-17T22:57:35Z,1162861055233724416,1139553113164193792
seminole_fl,No_x_o_x_Os,Because my hair is fading and I‚Äôm having a mental breakdown we‚Äôre going to the store after school and dying my hair over the weekend https://t.co/UHIZ6lkbvf,2019-08-21T10:40:24Z,1164125091002761216,1139553113164193792
seminole_fl,TyChxbbs,@rage_beast12 @xannyhoes Itachi can‚Äôt even make a full susano and minato and teleport full nine tail tailed beast bombs,2019-08-15T08:17:20Z,1161914758091726848,600586411
seminole_fl,Dareeh17,Logging to my facebook and having an overdose of back to school pictures! üôÑ,2019-08-12T18:00:02Z,1160974236212768769,84879956
danville_va,chelsey_maria02,"‚Äúit does not matter it was in the past‚Äù ‚Äúi did not kill her intentionally‚Äù 
‚Äúkeep raping det lil hoe‚Äù 
what... you disgust me in every way possible nd i hope you get double of what they baby got. she was defenseless, innocent, and did not deserve that! p.o.s https://t.co/J2Pi35mBGr",2019-09-10T02:56:55Z,1171256206838685696,883121272405753861
seminole_fl,green_vitality,Bless his heart. üíñüíïüíñ #EPStrong #EnoughIsEnough #DoSomething https://t.co/phUY8nyAFg,2019-08-14T01:20:49Z,1161447550043529216,20920965
fairfield_oh,bthaf,"i went to open house for the school i‚Äôm student teaching at this year, was TERRIFIED the parents would judge me for my tattoos but 90% of them had tattoos or sleeves https://t.co/HLYBtynuC4",2019-09-06T12:37:34Z,1169952780016111616,1287184496
danville_va,hectorgarcia922,Sick of everything and everyone,2019-08-30T20:27:32Z,1167534337023250433,1097608159110352896
danville_va,ihoop__24,üò≠ i used to be stephen when it came to shooting these üíØ https://t.co/H7rKOuZ9SB,2019-09-19T01:02:30Z,1174488902939361281,2170266057
seminole_fl,mattquinones02,I know my parents are getting old when they‚Äôre telling me stories about things that their Roomba vacuum does. ‚ÄúWe heard a bang and looked at each other: ‚ÄúTHE ROOMBA‚Äù‚Äù its like they have a little kid running around wreaking havoc üòÇ,2019-08-18T14:05:55Z,1163089645489524736,1096053163004739584
seminole_fl,EXICUTlON,"he's not a school shooter, just one of our JROTC veterans !! https://t.co/ahJcMSa3ej",2019-08-17T15:52:36Z,1162754107754594304,741087460600479744
seminole_fl,EBOSS407,@SuckafreeKurt Ain‚Äôt nan nigga acting white until he shoot up a school üö´üß¢,2019-08-18T13:56:00Z,1163087150503616513,2702059089
fairfield_oh,KartzFM,@Twist3d_Drift3r @RSR_Andrew14 What if the person trying to kill you has an ar15,2019-09-19T14:07:08Z,1174686364471889922,1066910595826573312
seminole_fl,AlanLunin,@KatelynTweeter How about when she is raped?,2019-08-17T18:40:15Z,1162796295783948288,1868151614
seminole_fl,JasonDiG_,@GundackerSports Gun I need u to play arena with check tonight and carry him to champs,2019-08-15T02:05:36Z,1161821210558308360,947277695389503488
danville_va,PtxTelless,Didn‚Äôt really realize when u mad u can come up with thousands of way to murder...,2019-08-27T16:36:32Z,1166389041593487362,842507849985118208
danville_va,kennedysara__,I‚Äôm watching the OJ series and I can‚Äôt believe he really got away with murder lol,2019-09-17T16:01:49Z,1173990450094628865,444804550
seminole_fl,Jenniarzatee,This random guy last night .... touch my ass when I was walking to the bar .. like RUDE ! oof,2019-08-24T14:44:42Z,1165273735169003520,1618711902
seminole_fl,Jenniarzatee,Sadness‚Äôs can really kill you,2019-08-25T20:50:04Z,1165728067546963969,1618711902
seminole_fl,therealsampilon,Hey @apkarthistory so remember this time last year when I got between a drive by shooting. Well just my luck!  not even a mile away from that location I got into a 3 way car accident today.,2019-08-28T01:39:10Z,1166525600229744640,994203034350702593
seminole_fl,mscaptdanvers,"@avngerfury Gamora was murdered by her abuser. it was so sad that scene yo, if she was gonna die she‚Äôs said she wanted it to be among her friends. we sad",2019-08-27T11:50:19Z,1166317010487304195,912835395527856128
seminole_fl,Damani_TR,Mother Nature count your days beloved,2019-08-26T14:41:28Z,1165997694004924416,894320071
seminole_fl,mthapps,the guy making my sandwhich at jersey mikes told me a i look like billie ellish ... and i‚Äôll be damned if my confidence level didn‚Äôt shoot up immediately,2019-08-23T00:40:52Z,1164698990052610048,1113221209108484098
seminole_fl,BrandiStarBrite,"Right!? I mean they didn't even really tell us ANY DETAILS about his death. How? Who? What happened? When he felt comfortable with himself &amp; new lover, 12 mins later they kill him off! Ughh. Asshole or not, I like the actor playing Monty, &amp; wanted to see it play out after HS https://t.co/mtyhB8qfhv",2019-08-26T07:21:38Z,1165887006863482880,79869935
seminole_fl,BrandiStarBrite,"@SHO_TheAffair Ughh I wanted more Cole on screen üòáüòè he was the best. Smart, thinks ahead &amp; cares about those he loves. Helen needed to get mad like Cole did. She was so passive. That's why Noah think's he can get back w/her. Honestly, I kinda hope Noah's fate ends like Allison's. Kill him off",2019-08-27T09:39:29Z,1166284085288939520,79869935
seminole_fl,TitoLounge_,@XLGALAXY21 Finna get murdered for saying that LMAO üòÇüòÇ,2019-08-25T01:56:43Z,1165442850374455302,519929820
seminole_fl,CGator2005,"@AB84 Dear Drama Queen, 

Pittsburgh doesn't give a shit about you!! To be honest, Raider fans don't give a shit about you!! Do us ALL a favor &amp; GO AWAY! Please... GO AWAY! 

Thank you,

The World",2019-08-22T10:29:14Z,1164484667036372992,1083538761105977344
seminole_fl,MunnRlmunn,@TheBabylonBee Brian needs help---,2019-08-27T12:24:01Z,1166325493181952001,2202025641
seminole_fl,RafaelV90,I‚Äôm done carrying all this pain inside me. Let‚Äôs create a new universe.,2019-08-24T14:09:33Z,1165264888467480579,734770273195528192
seminole_fl,boogledog,I‚Äôm going to kill the next libertarian I see with my bare hands üëäüêª,2019-08-27T15:54:36Z,1166378487877423104,764298930574200833
seminole_fl,Without_a_cause,Fr tho her situation is a recipe for a school shooter ü§¶üèæ‚Äç‚ôÇÔ∏è ‚ÄúIts just me and him and its always been like that‚Äù... jit a terrorist for sure https://t.co/oljhgzWun8,2019-08-23T00:22:04Z,1164694257111851014,391750120
seminole_fl,jbluft,What happened I blacked out ...,2019-08-25T02:47:13Z,1165455559740612611,13597232
seminole_fl,Mxkkie,We hate you too https://t.co/8gkBmLZV4X,2019-08-23T23:42:17Z,1165046634629226496,3293823686
seminole_fl,yipi_csgo,@ELEAGUETV @damnjoeshere @twin_csgo crimz when he gas bomb,2019-08-27T06:31:45Z,1166236842133458944,829205565645717504
seminole_fl,nosefetish,https://t.co/lKwzirU3K4,2019-08-28T13:09:13Z,1166699255550996481,1007825289345368070
seminole_fl,AnOceanAbove,@anjunabae I‚Äôll take you out ü•∞,2019-08-23T21:42:09Z,1165016398508318721,2577006025
seminole_fl,_JeannieSays_,@JeanCal47217843 Nah. My throat is okay. It‚Äôs what‚Äôs between my ears that needs help. üòú,2019-08-22T01:18:14Z,1164346002108760064,37545615
seminole_fl,tabatha_sams,i HATE fighting with my bestie. i wanna tell him some shit sooooo bad but i told his dumbass to leave me alone and guess what this mf did.... HE LISTENED. never listened before but now he heard me üôÑü§¶üèº‚Äç‚ôÄÔ∏è,2019-08-27T02:56:37Z,1166182701122109440,622073833
seminole_fl,DelvonJohnson,shit I hope so...he was the only one shooting üòÇ https://t.co/emDmF4HzYg,2019-08-24T16:52:38Z,1165305930713616389,291180507
seminole_fl,JayceBrandt,@IllusionOG If it‚Äôs not @DARROZ I‚Äôm rioting,2019-08-21T10:04:48Z,1164116131847770112,1080418807389306880
seminole_fl,NYI0515,@Fox35Amy @fox35orlando Mom is always right. You are going to break every bone in your body,2019-08-28T11:47:04Z,1166678584121090048,22701478
seminole_fl,owillis,Really identify with Batman here https://t.co/oktj73Lqyq,2019-08-26T22:09:14Z,1166110380462153732,3497941
seminole_fl,McProvolone,"@TheSphereHunter That‚Äôs me hugging the walls in an isometric shooter, looking for secrets!üòÇ",2019-08-24T06:59:48Z,1165156737097355264,1248739711
seminole_fl,Down_Air,If I see the same brawlhalla ad again I‚Äôm actually going to kill myself,2019-08-24T18:13:34Z,1165326297091989504,2260959283
seminole_fl,Timexdistance2,After that its safe to say that im definitely in an abusive relationship. Haha fml.,2019-08-23T14:33:55Z,1164908633190219778,2544386477
seminole_fl,deedeekokontis,Death penalty! https://t.co/ISwJKbLDnn,2019-08-28T09:45:43Z,1166648042474418176,894998615042781184
seminole_fl,Ranzaaa_,this drive to tally gon kill me man,2019-08-27T03:20:02Z,1166188597244039168,2271349045
seminole_fl,teresa82360646,@Ilhan Antifa is domestic terrorism!!!,2019-08-22T22:55:58Z,1164672589236756481,2436815207
seminole_fl,OfficialKidSyre,@rifIez Shots fired at half of the us lmao,2019-08-25T19:14:49Z,1165704100329205760,702611985737916421
seminole_fl,lexibaybeex3,Loving myself a lot more lately üß° #fuck12 https://t.co/qpZS1KpaKg,2019-08-22T22:08:27Z,1164660630672105472,519917259
seminole_fl,fiijiacee,This that ‚Äúima kill you an yo homies‚Äù look https://t.co/R55cMK2Fp7,2019-08-28T05:34:14Z,1166584755481141248,3648602903
seminole_fl,JonGaled,@spacecoast_stve No way!  They gonna keep the shot up the whole time?!,2019-08-26T23:26:15Z,1166129759820161024,36212230
seminole_fl,AlexisBradyknit,@_DishinDays @mlmattes1 @nbcdays @BrandonBarash @afterbuzztv Back off! If anyone is going to kill Gabi it‚Äôs going to be ME!,2019-08-25T03:21:10Z,1165464106473787397,2745456723
seminole_fl,JessicaLeigh001,"Dillon dropped his knife on my pants and stained them. I said, ‚Äúit‚Äôs okay, they‚Äôre just pants.‚Äù
He said, ‚Äúreally? You‚Äôre not gonna kill me?‚Äù

üòÇüòÇ boy, no üòÇ idgaf about my pants üòÇ",2019-08-26T23:42:16Z,1166133791502548992,296527715
seminole_fl,gamemaster12331,@TheRealOJ32 @Colts Watch out luck. He gonna kill you,2019-08-25T01:51:00Z,1165441413426941952,2897742947
seminole_fl,gamemaster12331,@TheRealOJ32 @Colts Watch out luck. He gonna kill you,2019-08-25T01:51:00Z,1165441413426941952,2897742947
